  cell  ,E,W,N,S
"(1, 1)",1,0,0,1
"(2, 1)",1,0,1,0
"(3, 1)",1,0,0,1
"(4, 1)",0,0,1,1
"(5, 1)",1,0,1,1
"(6, 1)",1,0,1,0
"(7, 1)",1,0,0,1
"(8, 1)",0,0,1,1
"(9, 1)",1,0,1,1
"(10, 1)",0,0,1,1
"(11, 1)",0,0,1,1
"(12, 1)",1,0,1,1
"(13, 1)",1,0,1,1
"(14, 1)",0,0,1,1
"(15, 1)",0,0,1,1
"(16, 1)",1,0,1,1
"(17, 1)",0,0,1,1
"(18, 1)",1,0,1,1
"(19, 1)",1,0,1,1
"(20, 1)",0,0,1,1
"(21, 1)",1,0,1,1
"(22, 1)",1,0,1,1
"(23, 1)",0,0,1,1
"(24, 1)",1,0,1,1
"(25, 1)",1,0,1,1
"(26, 1)",1,0,1,1
"(27, 1)",0,0,1,1
"(28, 1)",1,0,1,1
"(29, 1)",0,0,1,1
"(30, 1)",1,0,1,1
"(31, 1)",1,0,1,1
"(32, 1)",1,0,1,1
"(33, 1)",1,0,1,1
"(34, 1)",0,0,1,1
"(35, 1)",1,0,1,1
"(36, 1)",1,0,1,0
"(37, 1)",1,0,0,1
"(38, 1)",1,0,1,1
"(39, 1)",0,0,1,1
"(40, 1)",1,0,1,1
"(41, 1)",0,0,1,1
"(42, 1)",1,0,1,0
"(43, 1)",1,0,0,1
"(44, 1)",1,0,1,1
"(45, 1)",0,0,1,1
"(46, 1)",1,0,1,1
"(47, 1)",1,0,1,1
"(48, 1)",1,0,1,1
"(49, 1)",0,0,1,1
"(50, 1)",1,0,1,0
"(1, 2)",1,1,0,0
"(2, 2)",0,1,0,1
"(3, 2)",1,1,1,1
"(4, 2)",0,0,1,1
"(5, 2)",1,1,1,0
"(6, 2)",1,1,0,1
"(7, 2)",0,1,1,1
"(8, 2)",1,0,1,1
"(9, 2)",0,1,1,1
"(10, 2)",1,0,1,0
"(11, 2)",0,0,0,1
"(12, 2)",1,1,1,0
"(13, 2)",1,1,0,0
"(14, 2)",1,0,0,1
"(15, 2)",1,0,1,1
"(16, 2)",1,1,1,1
"(17, 2)",0,0,1,1
"(18, 2)",1,1,1,0
"(19, 2)",1,1,0,1
"(20, 2)",0,0,1,1
"(21, 2)",1,1,1,0
"(22, 2)",1,1,0,1
"(23, 2)",0,0,1,1
"(24, 2)",1,1,1,0
"(25, 2)",1,1,0,0
"(26, 2)",1,1,0,0
"(27, 2)",1,0,0,1
"(28, 2)",0,1,1,1
"(29, 2)",0,0,1,1
"(30, 2)",1,1,1,0
"(31, 2)",1,1,0,0
"(32, 2)",1,1,0,0
"(33, 2)",1,1,0,0
"(34, 2)",1,0,0,1
"(35, 2)",1,1,1,0
"(36, 2)",0,1,0,1
"(37, 2)",1,1,1,0
"(38, 2)",1,1,0,1
"(39, 2)",0,0,1,1
"(40, 2)",1,1,1,1
"(41, 2)",0,0,1,1
"(42, 2)",1,1,1,1
"(43, 2)",1,1,1,0
"(44, 2)",1,1,0,0
"(45, 2)",1,0,0,1
"(46, 2)",1,1,1,0
"(47, 2)",1,1,0,0
"(48, 2)",0,1,0,0
"(49, 2)",1,0,0,1
"(50, 2)",0,1,1,0
"(1, 3)",1,1,0,1
"(2, 3)",0,0,1,1
"(3, 3)",1,1,1,1
"(4, 3)",1,0,1,1
"(5, 3)",1,1,1,0
"(6, 3)",0,1,0,1
"(7, 3)",0,0,1,1
"(8, 3)",0,1,1,1
"(9, 3)",1,0,1,1
"(10, 3)",1,1,1,1
"(11, 3)",1,0,1,0
"(12, 3)",1,1,0,1
"(13, 3)",0,1,1,1
"(14, 3)",1,1,1,0
"(15, 3)",1,1,0,0
"(16, 3)",0,1,0,1
"(17, 3)",1,0,1,0
"(18, 3)",1,1,0,0
"(19, 3)",1,1,0,1
"(20, 3)",0,0,1,1
"(21, 3)",1,1,1,0
"(22, 3)",1,1,0,0
"(23, 3)",0,0,0,1
"(24, 3)",1,1,1,1
"(25, 3)",1,1,1,1
"(26, 3)",0,1,1,1
"(27, 3)",0,1,1,1
"(28, 3)",1,0,1,1
"(29, 3)",0,0,1,1
"(30, 3)",1,1,1,1
"(31, 3)",1,1,1,1
"(32, 3)",0,1,1,1
"(33, 3)",1,1,1,1
"(34, 3)",1,1,1,0
"(35, 3)",1,1,0,1
"(36, 3)",0,0,1,1
"(37, 3)",0,1,1,1
"(38, 3)",0,1,1,1
"(39, 3)",1,0,1,0
"(40, 3)",0,1,0,1
"(41, 3)",1,0,1,0
"(42, 3)",1,1,0,0
"(43, 3)",1,1,0,1
"(44, 3)",1,1,1,1
"(45, 3)",0,1,1,0
"(46, 3)",1,1,0,1
"(47, 3)",0,1,1,1
"(48, 3)",1,0,1,0
"(49, 3)",1,1,0,1
"(50, 3)",1,0,1,0
"(1, 4)",1,1,0,1
"(2, 4)",0,0,1,1
"(3, 4)",1,1,1,0
"(4, 4)",1,1,0,0
"(5, 4)",1,1,0,1
"(6, 4)",0,0,1,1
"(7, 4)",1,0,1,1
"(8, 4)",1,0,1,1
"(9, 4)",0,1,1,0
"(10, 4)",1,1,0,0
"(11, 4)",1,1,0,1
"(12, 4)",1,1,1,1
"(13, 4)",0,0,1,1
"(14, 4)",1,1,1,1
"(15, 4)",0,1,1,1
"(16, 4)",0,0,1,1
"(17, 4)",0,1,1,1
"(18, 4)",1,1,1,1
"(19, 4)",1,1,1,1
"(20, 4)",0,0,1,1
"(21, 4)",1,1,1,1
"(22, 4)",1,1,1,0
"(23, 4)",1,0,0,1
"(24, 4)",0,1,1,0
"(25, 4)",0,1,0,1
"(26, 4)",1,0,1,0
"(27, 4)",1,0,0,1
"(28, 4)",0,1,1,1
"(29, 4)",0,0,1,1
"(30, 4)",1,1,1,0
"(31, 4)",1,1,0,1
"(32, 4)",0,0,1,1
"(33, 4)",1,1,1,0
"(34, 4)",1,1,0,1
"(35, 4)",0,1,1,1
"(36, 4)",1,0,1,1
"(37, 4)",1,0,1,1
"(38, 4)",0,0,1,1
"(39, 4)",0,1,1,1
"(40, 4)",1,0,1,1
"(41, 4)",1,1,1,0
"(42, 4)",1,1,0,1
"(43, 4)",0,1,1,0
"(44, 4)",1,1,0,0
"(45, 4)",1,0,0,1
"(46, 4)",0,1,1,1
"(47, 4)",1,0,1,1
"(48, 4)",0,1,1,1
"(49, 4)",1,1,1,0
"(50, 4)",1,1,0,0
"(1, 5)",1,1,0,1
"(2, 5)",1,0,1,0
"(3, 5)",1,1,0,1
"(4, 5)",0,1,1,1
"(5, 5)",1,1,1,1
"(6, 5)",1,0,1,1
"(7, 5)",1,1,1,0
"(8, 5)",0,1,0,1
"(9, 5)",1,0,1,0
"(10, 5)",1,1,0,0
"(11, 5)",1,1,0,0
"(12, 5)",1,1,0,1
"(13, 5)",0,0,1,1
"(14, 5)",1,1,1,1
"(15, 5)",1,0,1,1
"(16, 5)",0,0,1,1
"(17, 5)",1,0,1,1
"(18, 5)",1,1,1,0
"(19, 5)",1,1,0,1
"(20, 5)",1,0,1,1
"(21, 5)",1,1,1,0
"(22, 5)",1,1,0,1
"(23, 5)",0,1,1,1
"(24, 5)",1,0,1,1
"(25, 5)",0,0,1,1
"(26, 5)",1,1,1,0
"(27, 5)",0,1,0,1
"(28, 5)",1,0,1,1
"(29, 5)",0,0,1,1
"(30, 5)",1,1,1,1
"(31, 5)",0,1,1,1
"(32, 5)",1,0,1,0
"(33, 5)",1,1,0,1
"(34, 5)",0,1,1,1
"(35, 5)",1,0,1,1
"(36, 5)",0,1,1,0
"(37, 5)",1,1,0,1
"(38, 5)",0,0,1,1
"(39, 5)",1,0,1,1
"(40, 5)",1,1,1,0
"(41, 5)",1,1,0,1
"(42, 5)",0,1,1,1
"(43, 5)",0,0,1,1
"(44, 5)",1,1,1,1
"(45, 5)",1,1,1,0
"(46, 5)",1,0,0,1
"(47, 5)",0,1,1,1
"(48, 5)",1,0,1,1
"(49, 5)",0,1,1,1
"(50, 5)",1,1,1,0
"(1, 6)",1,1,0,0
"(2, 6)",1,1,0,1
"(3, 6)",0,1,1,1
"(4, 6)",1,0,1,0
"(5, 6)",1,1,0,0
"(6, 6)",1,1,0,0
"(7, 6)",1,1,0,1
"(8, 6)",1,0,1,1
"(9, 6)",0,1,1,0
"(10, 6)",1,1,0,1
"(11, 6)",0,1,1,1
"(12, 6)",0,1,1,1
"(13, 6)",1,0,1,1
"(14, 6)",1,1,1,0
"(15, 6)",1,1,0,1
"(16, 6)",1,0,1,1
"(17, 6)",1,1,1,0
"(18, 6)",0,1,0,1
"(19, 6)",1,1,1,0
"(20, 6)",1,1,0,0
"(21, 6)",1,1,0,1
"(22, 6)",0,1,1,1
"(23, 6)",1,0,1,1
"(24, 6)",0,1,1,0
"(25, 6)",1,0,0,1
"(26, 6)",0,1,1,1
"(27, 6)",1,0,1,0
"(28, 6)",1,1,0,1
"(29, 6)",1,0,1,1
"(30, 6)",1,1,1,0
"(31, 6)",1,0,0,1
"(32, 6)",1,1,1,1
"(33, 6)",1,1,1,1
"(34, 6)",0,0,1,1
"(35, 6)",0,1,1,1
"(36, 6)",1,0,1,0
"(37, 6)",1,1,0,1
"(38, 6)",0,0,1,1
"(39, 6)",1,1,1,0
"(40, 6)",1,1,0,0
"(41, 6)",1,1,0,1
"(42, 6)",1,0,1,0
"(43, 6)",1,0,0,1
"(44, 6)",0,1,1,0
"(45, 6)",1,1,0,0
"(46, 6)",1,1,0,0
"(47, 6)",1,0,0,1
"(48, 6)",1,1,1,1
"(49, 6)",0,0,1,1
"(50, 6)",1,1,1,0
"(1, 7)",1,1,0,1
"(2, 7)",1,1,1,1
"(3, 7)",1,0,1,0
"(4, 7)",0,1,0,1
"(5, 7)",1,1,1,1
"(6, 7)",0,1,1,1
"(7, 7)",1,1,1,0
"(8, 7)",0,1,0,1
"(9, 7)",1,0,1,0
"(10, 7)",0,1,0,1
"(11, 7)",1,0,1,1
"(12, 7)",0,0,1,1
"(13, 7)",1,1,1,0
"(14, 7)",1,1,0,1
"(15, 7)",1,1,1,0
"(16, 7)",1,1,0,0
"(17, 7)",1,1,0,1
"(18, 7)",0,0,1,1
"(19, 7)",1,1,1,1
"(20, 7)",0,1,1,1
"(21, 7)",1,1,1,1
"(22, 7)",0,0,1,1
"(23, 7)",1,1,1,1
"(24, 7)",1,0,1,1
"(25, 7)",0,1,1,1
"(26, 7)",1,0,1,1
"(27, 7)",0,1,1,1
"(28, 7)",1,1,1,0
"(29, 7)",1,1,0,0
"(30, 7)",1,1,0,1
"(31, 7)",1,1,1,0
"(32, 7)",1,1,0,0
"(33, 7)",1,1,0,1
"(34, 7)",0,0,1,1
"(35, 7)",1,0,1,1
"(36, 7)",1,1,1,0
"(37, 7)",0,1,0,1
"(38, 7)",1,0,1,1
"(39, 7)",0,1,1,1
"(40, 7)",0,1,1,1
"(41, 7)",1,1,1,0
"(42, 7)",1,1,0,1
"(43, 7)",1,1,1,0
"(44, 7)",1,0,0,0
"(45, 7)",1,1,0,1
"(46, 7)",0,1,1,1
"(47, 7)",1,1,1,0
"(48, 7)",1,1,0,1
"(49, 7)",1,0,1,0
"(50, 7)",1,1,0,0
"(1, 8)",1,1,0,0
"(2, 8)",1,1,0,0
"(3, 8)",1,1,0,1
"(4, 8)",1,0,1,1
"(5, 8)",0,1,1,1
"(6, 8)",1,0,1,1
"(7, 8)",0,1,1,1
"(8, 8)",1,0,1,1
"(9, 8)",0,1,1,1
"(10, 8)",1,0,1,1
"(11, 8)",0,1,1,1
"(12, 8)",1,0,1,1
"(13, 8)",1,1,1,1
"(14, 8)",1,1,1,0
"(15, 8)",0,1,0,1
"(16, 8)",1,1,1,1
"(17, 8)",0,1,1,1
"(18, 8)",1,0,1,1
"(19, 8)",0,1,1,1
"(20, 8)",1,0,1,1
"(21, 8)",0,1,1,1
"(22, 8)",0,0,1,1
"(23, 8)",1,1,1,0
"(24, 8)",0,1,0,1
"(25, 8)",1,0,1,1
"(26, 8)",0,1,1,1
"(27, 8)",1,0,1,1
"(28, 8)",1,1,1,1
"(29, 8)",1,1,1,1
"(30, 8)",1,1,1,0
"(31, 8)",1,1,0,1
"(32, 8)",1,1,1,1
"(33, 8)",0,1,1,0
"(34, 8)",1,0,0,1
"(35, 8)",1,1,1,0
"(36, 8)",1,1,0,1
"(37, 8)",1,0,1,1
"(38, 8)",0,1,1,1
"(39, 8)",1,0,1,1
"(40, 8)",1,0,1,1
"(41, 8)",0,1,1,1
"(42, 8)",1,1,1,0
"(43, 8)",1,1,0,1
"(44, 8)",1,1,1,1
"(45, 8)",1,1,1,0
"(46, 8)",1,0,0,1
"(47, 8)",0,1,1,0
"(48, 8)",1,1,0,0
"(49, 8)",1,1,0,0
"(50, 8)",1,1,0,0
"(1, 9)",1,1,0,1
"(2, 9)",0,1,1,1
"(3, 9)",1,1,1,0
"(4, 9)",1,1,0,1
"(5, 9)",0,0,1,1
"(6, 9)",0,1,1,1
"(7, 9)",1,0,1,0
"(8, 9)",1,1,0,1
"(9, 9)",1,0,1,0
"(10, 9)",1,1,0,1
"(11, 9)",1,0,1,1
"(12, 9)",1,1,1,0
"(13, 9)",1,1,0,0
"(14, 9)",1,1,0,1
"(15, 9)",0,0,1,1
"(16, 9)",1,1,1,0
"(17, 9)",1,0,0,1
"(18, 9)",0,1,1,1
"(19, 9)",0,0,1,1
"(20, 9)",1,1,1,1
"(21, 9)",1,0,1,1
"(22, 9)",0,0,1,1
"(23, 9)",1,1,1,0
"(24, 9)",1,0,0,1
"(25, 9)",1,1,1,1
"(26, 9)",0,0,1,1
"(27, 9)",1,1,1,0
"(28, 9)",1,1,0,0
"(29, 9)",1,1,0,0
"(30, 9)",1,1,0,1
"(31, 9)",0,1,1,0
"(32, 9)",1,1,0,1
"(33, 9)",1,0,1,1
"(34, 9)",1,1,1,0
"(35, 9)",1,1,0,1
"(36, 9)",1,1,1,0
"(37, 9)",0,1,0,1
"(38, 9)",1,0,1,0
"(39, 9)",1,1,0,0
"(40, 9)",0,1,0,1
"(41, 9)",1,0,1,0
"(42, 9)",1,1,0,0
"(43, 9)",1,1,0,0
"(44, 9)",1,1,0,0
"(45, 9)",0,1,0,1
"(46, 9)",1,1,1,1
"(47, 9)",0,0,1,1
"(48, 9)",1,1,1,1
"(49, 9)",0,1,1,1
"(50, 9)",1,1,1,0
"(1, 10)",1,1,0,0
"(2, 10)",1,0,0,0
"(3, 10)",0,1,0,1
"(4, 10)",0,1,1,1
"(5, 10)",1,0,1,1
"(6, 10)",1,0,1,1
"(7, 10)",0,1,1,1
"(8, 10)",1,1,1,0
"(9, 10)",1,1,0,1
"(10, 10)",1,1,1,0
"(11, 10)",1,1,0,0
"(12, 10)",1,1,0,1
"(13, 10)",1,1,1,0
"(14, 10)",1,1,0,0
"(15, 10)",1,0,0,1
"(16, 10)",1,1,1,1
"(17, 10)",0,1,1,1
"(18, 10)",1,0,1,1
"(19, 10)",1,0,1,1
"(20, 10)",1,1,1,0
"(21, 10)",1,1,0,1
"(22, 10)",0,0,1,1
"(23, 10)",1,1,1,1
"(24, 10)",1,1,1,0
"(25, 10)",1,1,0,1
"(26, 10)",1,0,1,1
"(27, 10)",0,1,1,1
"(28, 10)",1,1,1,1
"(29, 10)",1,1,1,1
"(30, 10)",0,1,1,1
"(31, 10)",0,0,1,1
"(32, 10)",1,1,1,0
"(33, 10)",1,1,0,0
"(34, 10)",1,1,0,1
"(35, 10)",0,1,1,0
"(36, 10)",0,1,0,1
"(37, 10)",0,0,1,1
"(38, 10)",1,1,1,1
"(39, 10)",0,1,1,1
"(40, 10)",1,0,1,1
"(41, 10)",0,1,1,1
"(42, 10)",1,1,1,0
"(43, 10)",1,1,0,1
"(44, 10)",1,1,1,1
"(45, 10)",0,0,1,1
"(46, 10)",1,1,1,1
"(47, 10)",0,0,1,1
"(48, 10)",1,1,1,1
"(49, 10)",0,0,1,1
"(50, 10)",1,1,1,0
"(1, 11)",0,1,0,1
"(2, 11)",1,1,1,1
"(3, 11)",0,0,1,1
"(4, 11)",1,0,1,1
"(5, 11)",0,1,1,0
"(6, 11)",0,1,0,1
"(7, 11)",1,0,1,1
"(8, 11)",1,1,1,1
"(9, 11)",0,1,1,0
"(10, 11)",1,1,0,1
"(11, 11)",0,1,1,1
"(12, 11)",1,1,1,0
"(13, 11)",0,1,0,1
"(14, 11)",1,1,1,1
"(15, 11)",1,1,1,0
"(16, 11)",0,1,0,1
"(17, 11)",1,0,1,0
"(18, 11)",1,1,0,0
"(19, 11)",1,1,0,0
"(20, 11)",1,1,0,0
"(21, 11)",0,1,0,1
"(22, 11)",0,0,1,1
"(23, 11)",1,1,1,0
"(24, 11)",1,1,0,1
"(25, 11)",0,1,1,0
"(26, 11)",1,1,0,1
"(27, 11)",0,0,1,1
"(28, 11)",1,1,1,0
"(29, 11)",1,1,0,1
"(30, 11)",1,0,1,0
"(31, 11)",1,0,0,1
"(32, 11)",0,1,1,1
"(33, 11)",1,1,1,1
"(34, 11)",1,1,1,1
"(35, 11)",0,0,1,1
"(36, 11)",1,0,1,1
"(37, 11)",0,0,1,1
"(38, 11)",1,1,1,1
"(39, 11)",1,0,1,1
"(40, 11)",0,1,1,1
"(41, 11)",1,0,1,0
"(42, 11)",1,1,0,1
"(43, 11)",1,1,1,0
"(44, 11)",1,1,0,1
"(45, 11)",0,0,1,1
"(46, 11)",0,1,1,1
"(47, 11)",1,0,1,0
"(48, 11)",1,1,0,1
"(49, 11)",1,0,1,1
"(50, 11)",0,1,1,0
"(1, 12)",1,0,0,1
"(2, 12)",0,1,1,1
"(3, 12)",1,0,1,0
"(4, 12)",1,1,0,1
"(5, 12)",1,0,1,1
"(6, 12)",0,0,1,1
"(7, 12)",0,1,1,0
"(8, 12)",0,1,0,1
"(9, 12)",1,0,1,1
"(10, 12)",0,1,1,1
"(11, 12)",1,0,1,0
"(12, 12)",1,1,0,1
"(13, 12)",1,0,1,0
"(14, 12)",1,1,0,0
"(15, 12)",1,1,0,1
"(16, 12)",0,0,1,1
"(17, 12)",0,1,1,1
"(18, 12)",1,1,1,0
"(19, 12)",1,1,0,0
"(20, 12)",1,1,0,0
"(21, 12)",1,0,0,1
"(22, 12)",0,0,1,1
"(23, 12)",1,1,1,0
"(24, 12)",1,1,0,0
"(25, 12)",1,0,0,1
"(26, 12)",1,1,1,1
"(27, 12)",0,0,1,1
"(28, 12)",0,1,1,1
"(29, 12)",1,1,1,0
"(30, 12)",1,1,0,0
"(31, 12)",1,1,0,1
"(32, 12)",0,0,1,1
"(33, 12)",1,1,1,0
"(34, 12)",1,1,0,1
"(35, 12)",0,0,1,1
"(36, 12)",1,1,1,1
"(37, 12)",0,0,1,1
"(38, 12)",1,1,1,0
"(39, 12)",1,1,0,1
"(40, 12)",0,0,1,1
"(41, 12)",1,1,1,1
"(42, 12)",1,1,1,0
"(43, 12)",1,1,0,0
"(44, 12)",1,1,0,1
"(45, 12)",0,0,1,1
"(46, 12)",1,0,1,1
"(47, 12)",1,1,1,1
"(48, 12)",0,1,1,0
"(49, 12)",1,1,0,1
"(50, 12)",1,0,1,0
"(1, 13)",1,1,0,1
"(2, 13)",0,0,1,1
"(3, 13)",1,1,1,1
"(4, 13)",1,1,1,0
"(5, 13)",0,1,0,1
"(6, 13)",1,0,1,1
"(7, 13)",0,0,1,1
"(8, 13)",0,0,1,1
"(9, 13)",1,1,1,0
"(10, 13)",1,0,0,1
"(11, 13)",1,1,1,1
"(12, 13)",0,1,1,0
"(13, 13)",1,1,0,1
"(14, 13)",0,1,1,1
"(15, 13)",1,1,1,1
"(16, 13)",1,0,1,1
"(17, 13)",1,0,1,1
"(18, 13)",0,1,1,1
"(19, 13)",1,1,1,1
"(20, 13)",0,1,1,1
"(21, 13)",1,1,1,0
"(22, 13)",1,0,0,1
"(23, 13)",0,1,1,0
"(24, 13)",0,1,0,1
"(25, 13)",1,1,1,0
"(26, 13)",0,1,0,1
"(27, 13)",1,0,1,0
"(28, 13)",1,0,0,1
"(29, 13)",1,1,1,1
"(30, 13)",1,1,1,1
"(31, 13)",1,1,1,1
"(32, 13)",1,0,1,1
"(33, 13)",0,1,1,1
"(34, 13)",1,1,1,1
"(35, 13)",0,0,1,1
"(36, 13)",0,1,1,1
"(37, 13)",1,0,1,0
"(38, 13)",1,1,0,1
"(39, 13)",0,1,1,1
"(40, 13)",0,0,1,1
"(41, 13)",1,1,1,0
"(42, 13)",1,1,0,1
"(43, 13)",0,1,1,1
"(44, 13)",1,1,1,0
"(45, 13)",1,0,0,1
"(46, 13)",1,1,1,0
"(47, 13)",0,1,0,1
"(48, 13)",1,0,1,1
"(49, 13)",0,1,1,0
"(50, 13)",1,1,0,0
"(1, 14)",1,1,0,1
"(2, 14)",0,0,1,1
"(3, 14)",1,1,1,0
"(4, 14)",1,1,0,1
"(5, 14)",0,0,1,1
"(6, 14)",1,1,1,1
"(7, 14)",1,0,1,1
"(8, 14)",0,0,1,1
"(9, 14)",1,1,1,0
"(10, 14)",1,1,0,0
"(11, 14)",1,1,0,0
"(12, 14)",1,0,0,1
"(13, 14)",0,1,1,1
"(14, 14)",1,0,1,1
"(15, 14)",1,1,1,0
"(16, 14)",1,1,0,0
"(17, 14)",1,1,0,0
"(18, 14)",1,0,0,1
"(19, 14)",0,1,1,1
"(20, 14)",1,0,1,1
"(21, 14)",1,1,1,1
"(22, 14)",1,1,1,1
"(23, 14)",0,0,1,1
"(24, 14)",1,0,1,0
"(25, 14)",1,1,0,1
"(26, 14)",1,0,1,1
"(27, 14)",0,1,1,1
"(28, 14)",1,1,1,0
"(29, 14)",1,1,0,0
"(30, 14)",1,1,0,0
"(31, 14)",1,1,0,0
"(32, 14)",1,1,0,1
"(33, 14)",1,0,1,0
"(34, 14)",1,1,0,1
"(35, 14)",1,0,1,0
"(36, 14)",1,0,0,1
"(37, 14)",1,1,1,1
"(38, 14)",0,1,1,1
"(39, 14)",1,0,1,0
"(40, 14)",1,0,0,1
"(41, 14)",0,1,1,1
"(42, 14)",0,1,1,1
"(43, 14)",1,0,1,0
"(44, 14)",0,1,0,1
"(45, 14)",1,1,1,0
"(46, 14)",1,1,0,1
"(47, 14)",1,0,1,0
"(48, 14)",1,1,0,0
"(49, 14)",1,0,0,1
"(50, 14)",0,1,1,0
"(1, 15)",0,1,0,1
"(2, 15)",1,0,1,0
"(3, 15)",1,1,0,1
"(4, 15)",0,1,1,1
"(5, 15)",0,0,1,1
"(6, 15)",1,1,1,0
"(7, 15)",1,1,0,1
"(8, 15)",1,0,1,0
"(9, 15)",0,1,0,1
"(10, 15)",1,1,1,0
"(11, 15)",1,1,0,1
"(12, 15)",0,1,1,1
"(13, 15)",1,0,1,1
"(14, 15)",1,1,1,0
"(15, 15)",0,1,0,1
"(16, 15)",1,1,1,0
"(17, 15)",1,1,0,1
"(18, 15)",0,1,1,1
"(19, 15)",1,0,1,0
"(20, 15)",1,1,0,0
"(21, 15)",1,1,0,0
"(22, 15)",0,1,0,1
"(23, 15)",1,0,1,0
"(24, 15)",1,1,0,1
"(25, 15)",1,1,1,0
"(26, 15)",1,1,0,0
"(27, 15)",1,0,0,1
"(28, 15)",0,1,1,1
"(29, 15)",0,1,1,1
"(30, 15)",1,1,1,1
"(31, 15)",1,1,1,1
"(32, 15)",0,1,1,0
"(33, 15)",1,1,0,1
"(34, 15)",0,1,1,0
"(35, 15)",1,1,0,1
"(36, 15)",0,1,1,0
"(37, 15)",1,1,0,1
"(38, 15)",0,0,1,0
"(39, 15)",1,1,0,0
"(40, 15)",1,1,0,1
"(41, 15)",0,0,1,1
"(42, 15)",1,0,1,1
"(43, 15)",0,1,1,1
"(44, 15)",1,0,1,1
"(45, 15)",1,1,1,0
"(46, 15)",1,1,0,0
"(47, 15)",1,1,0,1
"(48, 15)",0,1,1,1
"(49, 15)",0,1,1,1
"(50, 15)",1,0,1,0
"(1, 16)",1,0,0,1
"(2, 16)",0,1,1,1
"(3, 16)",0,1,1,1
"(4, 16)",1,0,1,0
"(5, 16)",1,0,0,1
"(6, 16)",0,1,1,1
"(7, 16)",1,1,1,0
"(8, 16)",1,1,0,1
"(9, 16)",0,0,1,1
"(10, 16)",1,1,1,1
"(11, 16)",0,1,1,1
"(12, 16)",1,0,1,0
"(13, 16)",1,1,0,0
"(14, 16)",0,1,0,1
"(15, 16)",1,0,1,1
"(16, 16)",0,1,1,1
"(17, 16)",1,1,1,1
"(18, 16)",1,0,1,0
"(19, 16)",1,1,0,1
"(20, 16)",1,1,1,1
"(21, 16)",0,1,1,1
"(22, 16)",1,0,1,1
"(23, 16)",0,1,1,1
"(24, 16)",1,1,1,0
"(25, 16)",0,1,0,1
"(26, 16)",1,1,1,1
"(27, 16)",1,1,1,1
"(28, 16)",0,0,1,1
"(29, 16)",1,0,1,1
"(30, 16)",1,1,1,0
"(31, 16)",1,1,0,1
"(32, 16)",0,0,1,1
"(33, 16)",0,1,1,1
"(34, 16)",1,0,1,1
"(35, 16)",0,1,1,1
"(36, 16)",1,0,1,0
"(37, 16)",1,1,0,1
"(38, 16)",0,0,1,1
"(39, 16)",0,1,1,1
"(40, 16)",1,1,1,0
"(41, 16)",1,0,0,1
"(42, 16)",0,1,1,1
"(43, 16)",1,0,1,0
"(44, 16)",1,1,0,0
"(45, 16)",1,1,0,1
"(46, 16)",1,1,1,1
"(47, 16)",0,1,1,0
"(48, 16)",1,0,0,1
"(49, 16)",1,0,1,1
"(50, 16)",1,1,1,0
"(1, 17)",0,1,0,1
"(2, 17)",1,0,1,1
"(3, 17)",1,0,1,0
"(4, 17)",1,1,0,1
"(5, 17)",0,1,1,0
"(6, 17)",1,0,0,1
"(7, 17)",0,1,1,1
"(8, 17)",1,1,1,1
"(9, 17)",0,0,1,1
"(10, 17)",1,1,1,0
"(11, 17)",1,0,0,1
"(12, 17)",1,1,1,1
"(13, 17)",1,1,1,0
"(14, 17)",0,0,0,1
"(15, 17)",1,1,1,1
"(16, 17)",1,0,1,1
"(17, 17)",1,1,1,0
"(18, 17)",1,1,0,1
"(19, 17)",1,1,1,0
"(20, 17)",1,1,0,1
"(21, 17)",1,0,1,0
"(22, 17)",1,1,0,1
"(23, 17)",0,0,1,1
"(24, 17)",1,1,1,0
"(25, 17)",1,0,0,1
"(26, 17)",1,1,1,0
"(27, 17)",0,1,0,1
"(28, 17)",1,0,1,1
"(29, 17)",1,1,1,0
"(30, 17)",1,1,0,0
"(31, 17)",1,1,0,1
"(32, 17)",0,0,1,1
"(33, 17)",1,0,1,0
"(34, 17)",1,1,0,0
"(35, 17)",1,0,0,1
"(36, 17)",1,1,1,0
"(37, 17)",1,1,0,1
"(38, 17)",0,0,1,1
"(39, 17)",1,0,1,1
"(40, 17)",1,1,1,1
"(41, 17)",0,1,1,1
"(42, 17)",1,0,1,0
"(43, 17)",1,1,0,0
"(44, 17)",1,1,0,1
"(45, 17)",0,1,1,0
"(46, 17)",0,1,0,1
"(47, 17)",1,0,1,1
"(48, 17)",0,1,1,0
"(49, 17)",1,1,0,0
"(50, 17)",1,1,0,0
"(1, 18)",1,0,0,1
"(2, 18)",0,1,1,0
"(3, 18)",1,1,0,1
"(4, 18)",1,1,1,1
"(5, 18)",1,0,1,0
"(6, 18)",1,1,0,1
"(7, 18)",0,0,1,1
"(8, 18)",1,1,1,1
"(9, 18)",1,0,1,1
"(10, 18)",0,1,1,1
"(11, 18)",1,1,1,0
"(12, 18)",1,1,0,0
"(13, 18)",1,1,0,1
"(14, 18)",0,0,1,1
"(15, 18)",1,1,1,0
"(16, 18)",1,1,0,0
"(17, 18)",1,1,0,1
"(18, 18)",0,1,1,0
"(19, 18)",1,1,0,1
"(20, 18)",0,1,1,0
"(21, 18)",1,1,0,1
"(22, 18)",1,1,1,1
"(23, 18)",0,0,1,0
"(24, 18)",1,1,0,1
"(25, 18)",1,1,1,0
"(26, 18)",1,1,0,1
"(27, 18)",1,0,1,1
"(28, 18)",0,1,1,0
"(29, 18)",1,1,0,1
"(30, 18)",0,1,1,1
"(31, 18)",1,1,1,1
"(32, 18)",1,0,1,1
"(33, 18)",0,1,1,1
"(34, 18)",0,1,1,1
"(35, 18)",1,1,1,0
"(36, 18)",0,1,0,1
"(37, 18)",1,1,1,0
"(38, 18)",1,0,0,1
"(39, 18)",1,1,1,0
"(40, 18)",1,1,0,0
"(41, 18)",1,0,0,1
"(42, 18)",1,1,1,1
"(43, 18)",1,1,1,1
"(44, 18)",1,1,1,0
"(45, 18)",0,0,0,1
"(46, 18)",1,0,1,1
"(47, 18)",0,1,1,1
"(48, 18)",1,0,1,1
"(49, 18)",0,1,1,1
"(50, 18)",1,1,1,0
"(1, 19)",0,1,0,1
"(2, 19)",1,0,1,1
"(3, 19)",0,1,1,0
"(4, 19)",1,1,0,0
"(5, 19)",1,1,0,1
"(6, 19)",0,1,1,1
"(7, 19)",1,0,1,1
"(8, 19)",0,1,1,0
"(9, 19)",0,1,0,1
"(10, 19)",1,0,1,0
"(11, 19)",1,1,0,1
"(12, 19)",1,1,1,1
"(13, 19)",1,1,1,1
"(14, 19)",0,0,1,1
"(15, 19)",1,1,1,1
"(16, 19)",0,1,1,0
"(17, 19)",0,1,0,1
"(18, 19)",1,0,1,1
"(19, 19)",1,1,1,1
"(20, 19)",1,0,1,1
"(21, 19)",1,1,1,0
"(22, 19)",1,1,0,1
"(23, 19)",1,0,1,1
"(24, 19)",0,1,1,0
"(25, 19)",0,1,0,1
"(26, 19)",1,1,1,0
"(27, 19)",1,1,0,1
"(28, 19)",1,0,1,0
"(29, 19)",1,1,0,0
"(30, 19)",1,0,0,1
"(31, 19)",1,1,1,0
"(32, 19)",0,1,0,1
"(33, 19)",1,0,1,1
"(34, 19)",1,0,1,1
"(35, 19)",0,1,1,1
"(36, 19)",1,0,1,1
"(37, 19)",1,1,1,1
"(38, 19)",1,1,1,0
"(39, 19)",1,1,0,1
"(40, 19)",0,1,1,1
"(41, 19)",1,1,1,0
"(42, 19)",0,1,0,0
"(43, 19)",1,1,0,0
"(44, 19)",0,1,0,1
"(45, 19)",1,0,1,1
"(46, 19)",0,1,1,1
"(47, 19)",1,0,1,1
"(48, 19)",1,1,1,1
"(49, 19)",0,0,1,1
"(50, 19)",1,1,1,0
"(1, 20)",1,0,0,1
"(2, 20)",1,1,1,1
"(3, 20)",0,0,1,1
"(4, 20)",0,1,1,1
"(5, 20)",1,1,1,1
"(6, 20)",1,0,1,1
"(7, 20)",0,1,1,1
"(8, 20)",1,0,1,1
"(9, 20)",1,0,1,1
"(10, 20)",0,1,1,1
"(11, 20)",1,1,1,0
"(12, 20)",0,1,0,0
"(13, 20)",1,1,0,1
"(14, 20)",0,0,1,1
"(15, 20)",0,1,1,1
"(16, 20)",1,0,1,1
"(17, 20)",1,0,1,1
"(18, 20)",0,1,1,0
"(19, 20)",1,1,0,0
"(20, 20)",1,1,0,0
"(21, 20)",1,1,0,1
"(22, 20)",0,1,1,0
"(23, 20)",1,1,0,1
"(24, 20)",1,0,1,1
"(25, 20)",0,0,1,1
"(26, 20)",1,1,1,0
"(27, 20)",1,1,0,0
"(28, 20)",1,1,0,1
"(29, 20)",0,1,1,1
"(30, 20)",0,1,1,0
"(31, 20)",1,1,0,0
"(32, 20)",1,0,0,1
"(33, 20)",0,1,1,0
"(34, 20)",1,1,0,1
"(35, 20)",0,0,1,0
"(36, 20)",1,1,0,0
"(37, 20)",1,1,0,0
"(38, 20)",1,1,0,0
"(39, 20)",1,1,0,1
"(40, 20)",0,0,1,1
"(41, 20)",0,1,1,1
"(42, 20)",1,0,1,1
"(43, 20)",1,1,1,1
"(44, 20)",0,0,1,1
"(45, 20)",0,1,1,1
"(46, 20)",1,0,1,1
"(47, 20)",0,1,1,0
"(48, 20)",0,1,0,1
"(49, 20)",0,0,1,1
"(50, 20)",1,1,1,0
"(1, 21)",1,1,0,0
"(2, 21)",1,1,0,1
"(3, 21)",1,0,1,1
"(4, 21)",1,0,1,1
"(5, 21)",0,1,1,0
"(6, 21)",0,1,0,1
"(7, 21)",1,0,1,0
"(8, 21)",1,1,0,0
"(9, 21)",1,1,0,1
"(10, 21)",1,0,1,1
"(11, 21)",0,1,1,1
"(12, 21)",1,0,1,1
"(13, 21)",1,1,1,0
"(14, 21)",1,0,0,1
"(15, 21)",1,0,1,0
"(16, 21)",1,1,0,0
"(17, 21)",0,1,0,1
"(18, 21)",1,0,1,1
"(19, 21)",1,1,1,0
"(20, 21)",1,1,0,0
"(21, 21)",1,1,0,1
"(22, 21)",0,0,1,1
"(23, 21)",1,1,1,0
"(24, 21)",1,1,0,0
"(25, 21)",1,0,0,1
"(26, 21)",0,1,1,1
"(27, 21)",1,1,1,0
"(28, 21)",0,1,0,1
"(29, 21)",1,0,1,1
"(30, 21)",1,0,1,1
"(31, 21)",0,1,1,1
"(32, 21)",0,1,1,1
"(33, 21)",1,0,1,1
"(34, 21)",0,1,1,0
"(35, 21)",1,0,0,1
"(36, 21)",0,1,1,0
"(37, 21)",1,1,0,1
"(38, 21)",1,1,1,1
"(39, 21)",1,1,1,1
"(40, 21)",0,0,1,1
"(41, 21)",1,0,1,1
"(42, 21)",0,1,1,0
"(43, 21)",1,1,0,0
"(44, 21)",1,0,0,1
"(45, 21)",1,0,1,0
"(46, 21)",1,1,0,1
"(47, 21)",0,0,1,1
"(48, 21)",1,0,1,1
"(49, 21)",0,0,1,1
"(50, 21)",1,1,1,0
"(1, 22)",1,1,0,1
"(2, 22)",1,1,1,0
"(3, 22)",1,1,0,0
"(4, 22)",1,1,0,1
"(5, 22)",1,0,1,1
"(6, 22)",0,0,1,1
"(7, 22)",1,1,1,1
"(8, 22)",1,1,1,1
"(9, 22)",0,1,1,0
"(10, 22)",1,1,0,1
"(11, 22)",1,0,1,0
"(12, 22)",1,1,0,0
"(13, 22)",1,1,0,1
"(14, 22)",1,1,1,0
"(15, 22)",1,1,0,1
"(16, 22)",0,1,1,1
"(17, 22)",1,0,1,1
"(18, 22)",1,1,1,0
"(19, 22)",1,1,0,1
"(20, 22)",1,1,1,1
"(21, 22)",1,1,1,1
"(22, 22)",1,0,1,1
"(23, 22)",1,1,1,1
"(24, 22)",0,1,1,1
"(25, 22)",1,1,1,1
"(26, 22)",1,0,1,1
"(27, 22)",0,1,1,1
"(28, 22)",0,0,1,1
"(29, 22)",1,1,1,0
"(30, 22)",1,1,0,1
"(31, 22)",0,0,1,1
"(32, 22)",1,0,1,1
"(33, 22)",0,1,1,1
"(34, 22)",0,0,1,1
"(35, 22)",1,1,1,0
"(36, 22)",1,0,0,0
"(37, 22)",1,1,0,0
"(38, 22)",1,1,0,0
"(39, 22)",1,1,0,1
"(40, 22)",1,0,1,1
"(41, 22)",0,1,1,1
"(42, 22)",1,0,1,1
"(43, 22)",0,1,1,1
"(44, 22)",1,1,1,0
"(45, 22)",1,1,0,1
"(46, 22)",1,1,1,1
"(47, 22)",0,0,1,1
"(48, 22)",0,1,1,0
"(49, 22)",1,0,0,1
"(50, 22)",0,1,1,0
"(1, 23)",1,1,0,0
"(2, 23)",1,1,0,0
"(3, 23)",1,1,0,1
"(4, 23)",1,1,1,0
"(5, 23)",1,1,0,1
"(6, 23)",1,0,1,1
"(7, 23)",0,1,1,0
"(8, 23)",1,1,0,0
"(9, 23)",1,0,0,1
"(10, 23)",0,1,1,0
"(11, 23)",0,1,0,1
"(12, 23)",1,1,1,1
"(13, 23)",0,1,1,0
"(14, 23)",1,1,0,0
"(15, 23)",1,1,0,1
"(16, 23)",1,0,1,1
"(17, 23)",1,1,1,0
"(18, 23)",1,1,0,1
"(19, 23)",1,1,1,0
"(20, 23)",0,1,0,0
"(21, 23)",1,1,0,0
"(22, 23)",1,1,0,0
"(23, 23)",1,1,0,0
"(24, 23)",1,0,0,1
"(25, 23)",0,1,1,0
"(26, 23)",0,1,0,1
"(27, 23)",1,0,1,1
"(28, 23)",1,0,1,1
"(29, 23)",1,1,1,1
"(30, 23)",1,1,1,1
"(31, 23)",1,0,1,1
"(32, 23)",0,1,1,1
"(33, 23)",0,0,1,1
"(34, 23)",0,0,1,1
"(35, 23)",1,1,1,1
"(36, 23)",1,1,1,0
"(37, 23)",1,1,0,0
"(38, 23)",1,1,0,1
"(39, 23)",0,1,1,0
"(40, 23)",0,1,0,1
"(41, 23)",0,0,1,1
"(42, 23)",1,1,1,1
"(43, 23)",0,0,1,1
"(44, 23)",0,1,1,1
"(45, 23)",0,1,1,0
"(46, 23)",1,1,0,1
"(47, 23)",1,0,1,1
"(48, 23)",1,0,1,1
"(49, 23)",0,1,1,1
"(50, 23)",0,0,1,0
"(1, 24)",1,1,0,1
"(2, 24)",1,1,1,1
"(3, 24)",1,1,1,0
"(4, 24)",1,1,0,1
"(5, 24)",0,1,1,0
"(6, 24)",1,1,0,1
"(7, 24)",1,0,1,1
"(8, 24)",0,1,1,1
"(9, 24)",1,1,1,1
"(10, 24)",0,0,1,1
"(11, 24)",1,0,1,1
"(12, 24)",0,1,1,1
"(13, 24)",1,0,1,0
"(14, 24)",1,1,0,1
"(15, 24)",0,1,1,0
"(16, 24)",1,1,0,0
"(17, 24)",1,1,0,1
"(18, 24)",1,1,1,0
"(19, 24)",0,1,0,1
"(20, 24)",1,0,1,0
"(21, 24)",1,1,0,1
"(22, 24)",1,1,1,0
"(23, 24)",1,1,0,1
"(24, 24)",0,1,1,1
"(25, 24)",0,0,1,1
"(26, 24)",1,0,1,1
"(27, 24)",1,1,1,0
"(28, 24)",1,1,0,0
"(29, 24)",1,1,0,0
"(30, 24)",1,1,0,0
"(31, 24)",1,1,0,1
"(32, 24)",1,0,1,1
"(33, 24)",0,0,1,1
"(34, 24)",1,0,1,1
"(35, 24)",1,1,1,0
"(36, 24)",1,1,0,1
"(37, 24)",0,1,1,1
"(38, 24)",1,1,1,1
"(39, 24)",0,0,1,1
"(40, 24)",0,0,1,1
"(41, 24)",1,0,1,1
"(42, 24)",0,1,1,1
"(43, 24)",1,0,1,1
"(44, 24)",0,0,1,1
"(45, 24)",1,0,1,1
"(46, 24)",0,1,1,0
"(47, 24)",1,1,0,0
"(48, 24)",1,1,0,1
"(49, 24)",0,0,1,1
"(50, 24)",1,0,1,0
"(1, 25)",1,1,0,0
"(2, 25)",1,1,0,0
"(3, 25)",1,1,0,1
"(4, 25)",0,1,1,1
"(5, 25)",1,0,1,1
"(6, 25)",1,1,1,0
"(7, 25)",0,1,0,1
"(8, 25)",1,0,1,1
"(9, 25)",1,1,1,1
"(10, 25)",0,0,1,1
"(11, 25)",0,1,1,1
"(12, 25)",1,0,1,1
"(13, 25)",0,1,1,1
"(14, 25)",1,1,1,1
"(15, 25)",0,0,1,1
"(16, 25)",0,1,1,0
"(17, 25)",1,1,0,0
"(18, 25)",1,1,0,0
"(19, 25)",1,0,0,1
"(20, 25)",0,1,1,1
"(21, 25)",1,1,1,0
"(22, 25)",1,1,0,1
"(23, 25)",1,1,1,0
"(24, 25)",1,0,0,1
"(25, 25)",1,0,1,1
"(26, 25)",1,1,1,0
"(27, 25)",0,1,0,1
"(28, 25)",1,1,1,1
"(29, 25)",0,1,1,0
"(30, 25)",1,1,0,1
"(31, 25)",1,1,1,0
"(32, 25)",1,1,0,1
"(33, 25)",0,0,1,1
"(34, 25)",0,1,1,0
"(35, 25)",1,1,0,1
"(36, 25)",0,1,1,1
"(37, 25)",1,0,1,0
"(38, 25)",1,1,0,1
"(39, 25)",1,0,1,0
"(40, 25)",1,0,0,1
"(41, 25)",1,1,1,0
"(42, 25)",1,0,0,1
"(43, 25)",1,1,1,1
"(44, 25)",1,0,1,1
"(45, 25)",1,1,1,1
"(46, 25)",1,0,1,1
"(47, 25)",0,1,1,0
"(48, 25)",1,1,0,1
"(49, 25)",1,0,1,0
"(50, 25)",1,1,0,0
"(1, 26)",1,1,0,0
"(2, 26)",1,1,0,0
"(3, 26)",1,1,0,1
"(4, 26)",1,0,1,1
"(5, 26)",1,1,1,0
"(6, 26)",1,1,0,1
"(7, 26)",0,0,1,1
"(8, 26)",1,1,1,0
"(9, 26)",1,1,0,0
"(10, 26)",1,0,0,1
"(11, 26)",1,0,1,1
"(12, 26)",0,1,1,1
"(13, 26)",1,0,1,0
"(14, 26)",0,1,0,1
"(15, 26)",1,0,1,0
"(16, 26)",1,0,0,0
"(17, 26)",1,1,0,0
"(18, 26)",1,1,0,1
"(19, 26)",1,1,1,0
"(20, 26)",1,0,0,1
"(21, 26)",1,1,1,0
"(22, 26)",1,1,0,0
"(23, 26)",0,1,0,1
"(24, 26)",1,1,1,0
"(25, 26)",1,1,0,0
"(26, 26)",0,1,0,1
"(27, 26)",0,0,1,1
"(28, 26)",1,1,1,0
"(29, 26)",1,0,0,1
"(30, 26)",1,1,1,0
"(31, 26)",1,1,0,1
"(32, 26)",1,1,1,0
"(33, 26)",1,0,0,1
"(34, 26)",1,0,1,1
"(35, 26)",0,1,1,1
"(36, 26)",1,0,1,1
"(37, 26)",0,1,1,1
"(38, 26)",1,1,1,0
"(39, 26)",0,1,0,1
"(40, 26)",1,1,1,0
"(41, 26)",1,1,0,1
"(42, 26)",0,1,1,0
"(43, 26)",1,1,0,0
"(44, 26)",1,1,0,0
"(45, 26)",0,1,0,0
"(46, 26)",1,1,0,1
"(47, 26)",1,0,1,1
"(48, 26)",0,1,1,0
"(49, 26)",1,1,0,1
"(50, 26)",1,1,1,0
"(1, 27)",1,1,0,1
"(2, 27)",0,1,1,1
"(3, 27)",1,1,1,0
"(4, 27)",1,1,0,0
"(5, 27)",1,1,0,1
"(6, 27)",0,1,1,1
"(7, 27)",1,0,1,0
"(8, 27)",1,1,0,1
"(9, 27)",0,1,1,1
"(10, 27)",1,1,1,0
"(11, 27)",0,1,0,1
"(12, 27)",1,0,1,1
"(13, 27)",1,1,1,1
"(14, 27)",0,0,1,1
"(15, 27)",1,1,1,0
"(16, 27)",1,1,0,1
"(17, 27)",0,1,1,1
"(18, 27)",1,1,1,0
"(19, 27)",1,1,0,1
"(20, 27)",1,1,1,0
"(21, 27)",1,1,0,1
"(22, 27)",1,1,1,1
"(23, 27)",1,0,1,1
"(24, 27)",1,1,1,1
"(25, 27)",0,1,1,1
"(26, 27)",1,0,1,1
"(27, 27)",1,0,1,0
"(28, 27)",1,1,0,1
"(29, 27)",1,1,1,0
"(30, 27)",0,1,0,1
"(31, 27)",1,1,1,0
"(32, 27)",1,1,0,1
"(33, 27)",1,1,1,0
"(34, 27)",1,1,0,1
"(35, 27)",0,0,1,1
"(36, 27)",1,1,1,1
"(37, 27)",1,0,1,1
"(38, 27)",1,1,1,0
"(39, 27)",1,0,0,1
"(40, 27)",0,1,1,1
"(41, 27)",0,1,1,1
"(42, 27)",1,0,1,1
"(43, 27)",1,1,1,0
"(44, 27)",1,1,0,1
"(45, 27)",0,0,1,1
"(46, 27)",1,1,1,0
"(47, 27)",1,1,0,1
"(48, 27)",1,0,1,1
"(49, 27)",1,1,1,0
"(50, 27)",1,1,0,0
"(1, 28)",1,1,0,1
"(2, 28)",0,0,1,1
"(3, 28)",1,1,1,1
"(4, 28)",1,1,1,1
"(5, 28)",1,1,1,1
"(6, 28)",0,0,1,1
"(7, 28)",1,1,1,1
"(8, 28)",0,1,1,0
"(9, 28)",1,0,0,1
"(10, 28)",0,1,1,1
"(11, 28)",0,0,1,1
"(12, 28)",1,1,1,0
"(13, 28)",1,1,0,1
"(14, 28)",0,0,1,1
"(15, 28)",1,1,1,0
"(16, 28)",1,1,0,1
"(17, 28)",1,0,1,0
"(18, 28)",1,1,0,1
"(19, 28)",1,1,1,0
"(20, 28)",1,1,0,1
"(21, 28)",0,1,1,0
"(22, 28)",1,1,0,0
"(23, 28)",1,1,0,0
"(24, 28)",1,1,0,0
"(25, 28)",1,0,0,1
"(26, 28)",1,1,1,0
"(27, 28)",0,1,0,1
"(28, 28)",1,1,1,0
"(29, 28)",0,1,0,1
"(30, 28)",1,0,1,1
"(31, 28)",1,1,1,1
"(32, 28)",1,1,1,0
"(33, 28)",1,1,0,1
"(34, 28)",1,1,1,1
"(35, 28)",1,0,1,0
"(36, 28)",1,1,0,0
"(37, 28)",1,1,0,0
"(38, 28)",1,1,0,1
"(39, 28)",0,1,1,0
"(40, 28)",0,0,0,1
"(41, 28)",1,0,1,1
"(42, 28)",1,1,1,0
"(43, 28)",0,1,0,1
"(44, 28)",1,1,1,0
"(45, 28)",1,0,0,1
"(46, 28)",0,1,1,1
"(47, 28)",1,1,1,0
"(48, 28)",1,1,0,0
"(49, 28)",0,1,0,1
"(50, 28)",1,1,1,0
"(1, 29)",0,1,0,1
"(2, 29)",1,0,1,0
"(3, 29)",1,1,0,0
"(4, 29)",1,1,0,0
"(5, 29)",1,1,0,1
"(6, 29)",0,0,1,1
"(7, 29)",0,1,1,1
"(8, 29)",1,0,1,1
"(9, 29)",0,1,1,1
"(10, 29)",0,0,1,1
"(11, 29)",1,0,1,1
"(12, 29)",0,1,1,1
"(13, 29)",0,1,1,1
"(14, 29)",1,0,1,0
"(15, 29)",0,1,0,1
"(16, 29)",1,1,1,0
"(17, 29)",1,1,0,1
"(18, 29)",1,1,1,0
"(19, 29)",1,1,0,1
"(20, 29)",0,1,1,1
"(21, 29)",1,0,1,0
"(22, 29)",1,1,0,1
"(23, 29)",0,1,1,1
"(24, 29)",0,1,1,1
"(25, 29)",1,1,1,0
"(26, 29)",1,1,0,1
"(27, 29)",1,0,1,0
"(28, 29)",1,1,0,0
"(29, 29)",1,0,0,1
"(30, 29)",0,1,1,0
"(31, 29)",1,1,0,0
"(32, 29)",1,1,0,1
"(33, 29)",0,1,1,0
"(34, 29)",1,1,0,0
"(35, 29)",1,1,0,1
"(36, 29)",0,1,1,1
"(37, 29)",1,1,1,1
"(38, 29)",1,1,1,1
"(39, 29)",0,0,1,1
"(40, 29)",1,0,1,1
"(41, 29)",0,1,1,0
"(42, 29)",1,1,0,1
"(43, 29)",0,0,1,1
"(44, 29)",0,1,1,1
"(45, 29)",1,1,1,0
"(46, 29)",1,0,0,1
"(47, 29)",0,1,1,0
"(48, 29)",1,1,0,1
"(49, 29)",1,0,1,1
"(50, 29)",1,1,1,0
"(1, 30)",1,0,0,1
"(2, 30)",0,1,1,1
"(3, 30)",1,1,1,0
"(4, 30)",1,1,0,1
"(5, 30)",1,1,1,0
"(6, 30)",1,0,0,1
"(7, 30)",0,0,1,1
"(8, 30)",1,1,1,0
"(9, 30)",1,0,0,1
"(10, 30)",1,0,1,1
"(11, 30)",0,1,1,1
"(12, 30)",1,0,1,1
"(13, 30)",1,0,1,1
"(14, 30)",0,1,1,1
"(15, 30)",0,0,1,1
"(16, 30)",1,1,1,0
"(17, 30)",1,1,0,0
"(18, 30)",1,1,0,1
"(19, 30)",0,1,1,0
"(20, 30)",1,0,0,1
"(21, 30)",0,1,1,1
"(22, 30)",1,1,1,1
"(23, 30)",1,0,1,1
"(24, 30)",1,0,1,1
"(25, 30)",1,1,1,1
"(26, 30)",0,1,1,0
"(27, 30)",0,1,0,1
"(28, 30)",0,1,1,1
"(29, 30)",1,1,1,1
"(30, 30)",1,0,1,0
"(31, 30)",1,1,0,1
"(32, 30)",0,1,1,1
"(33, 30)",1,0,1,1
"(34, 30)",1,1,1,1
"(35, 30)",1,1,1,1
"(36, 30)",0,0,1,1
"(37, 30)",1,1,1,0
"(38, 30)",1,1,0,1
"(39, 30)",1,0,1,0
"(40, 30)",0,1,0,1
"(41, 30)",1,0,1,1
"(42, 30)",0,1,1,1
"(43, 30)",1,0,1,0
"(44, 30)",1,0,0,1
"(45, 30)",0,1,1,1
"(46, 30)",1,1,1,0
"(47, 30)",1,0,0,1
"(48, 30)",1,1,1,0
"(49, 30)",1,1,0,0
"(50, 30)",1,1,0,0
"(1, 31)",1,1,0,1
"(2, 31)",0,0,1,1
"(3, 31)",0,1,1,1
"(4, 31)",1,1,1,0
"(5, 31)",1,1,0,1
"(6, 31)",0,1,1,1
"(7, 31)",1,0,1,1
"(8, 31)",0,1,1,1
"(9, 31)",1,1,1,0
"(10, 31)",0,1,0,1
"(11, 31)",0,0,1,1
"(12, 31)",1,1,1,0
"(13, 31)",1,1,0,1
"(14, 31)",1,0,1,1
"(15, 31)",1,0,1,1
"(16, 31)",0,1,1,1
"(17, 31)",0,1,1,1
"(18, 31)",1,1,1,1
"(19, 31)",0,0,1,1
"(20, 31)",1,1,1,0
"(21, 31)",1,0,0,1
"(22, 31)",0,1,1,0
"(23, 31)",1,1,0,0
"(24, 31)",1,1,0,0
"(25, 31)",0,1,0,1
"(26, 31)",1,0,1,1
"(27, 31)",0,0,1,1
"(28, 31)",1,0,1,1
"(29, 31)",0,1,1,0
"(30, 31)",0,1,0,1
"(31, 31)",0,1,1,1
"(32, 31)",0,0,1,1
"(33, 31)",1,1,1,0
"(34, 31)",1,1,0,0
"(35, 31)",1,1,0,1
"(36, 31)",1,0,1,1
"(37, 31)",1,1,1,0
"(38, 31)",1,1,0,0
"(39, 31)",1,1,0,1
"(40, 31)",1,0,1,1
"(41, 31)",1,1,1,1
"(42, 31)",0,0,1,1
"(43, 31)",1,1,1,1
"(44, 31)",0,1,1,1
"(45, 31)",1,0,1,1
"(46, 31)",1,1,1,1
"(47, 31)",1,1,1,0
"(48, 31)",0,1,0,1
"(49, 31)",1,1,1,0
"(50, 31)",1,1,0,0
"(1, 32)",1,1,0,1
"(2, 32)",0,0,1,1
"(3, 32)",1,0,1,1
"(4, 32)",0,1,1,1
"(5, 32)",0,1,1,1
"(6, 32)",1,0,1,1
"(7, 32)",0,1,1,1
"(8, 32)",1,0,1,1
"(9, 32)",1,1,1,0
"(10, 32)",1,0,0,1
"(11, 32)",1,0,1,1
"(12, 32)",1,1,1,1
"(13, 32)",0,1,1,0
"(14, 32)",1,1,0,0
"(15, 32)",0,1,0,1
"(16, 32)",1,0,1,1
"(17, 32)",0,0,1,1
"(18, 32)",1,1,1,1
"(19, 32)",0,0,1,1
"(20, 32)",1,1,1,1
"(21, 32)",0,1,1,1
"(22, 32)",1,0,1,1
"(23, 32)",0,1,1,1
"(24, 32)",1,1,1,1
"(25, 32)",1,0,1,1
"(26, 32)",0,1,1,1
"(27, 32)",0,0,1,1
"(28, 32)",1,1,1,1
"(29, 32)",1,0,1,0
"(30, 32)",1,0,0,1
"(31, 32)",0,0,1,1
"(32, 32)",1,0,1,1
"(33, 32)",1,1,1,0
"(34, 32)",0,1,0,1
"(35, 32)",1,1,1,0
"(36, 32)",1,1,0,0
"(37, 32)",1,1,0,0
"(38, 32)",1,1,0,0
"(39, 32)",1,1,0,0
"(40, 32)",1,1,0,0
"(41, 32)",1,1,0,1
"(42, 32)",1,0,1,1
"(43, 32)",1,1,1,0
"(44, 32)",1,0,0,1
"(45, 32)",1,1,1,0
"(46, 32)",1,1,0,0
"(47, 32)",1,1,0,1
"(48, 32)",1,0,1,1
"(49, 32)",0,1,1,1
"(50, 32)",1,1,1,0
"(1, 33)",1,1,0,1
"(2, 33)",1,0,1,1
"(3, 33)",1,1,1,1
"(4, 33)",0,0,1,1
"(5, 33)",1,0,1,1
"(6, 33)",1,1,1,1
"(7, 33)",0,0,1,1
"(8, 33)",1,1,1,0
"(9, 33)",1,1,0,1
"(10, 33)",0,1,1,0
"(11, 33)",1,1,0,0
"(12, 33)",1,1,0,1
"(13, 33)",1,0,1,1
"(14, 33)",0,1,1,1
"(15, 33)",1,0,1,1
"(16, 33)",0,1,1,1
"(17, 33)",1,0,1,0
"(18, 33)",1,1,0,1
"(19, 33)",1,0,1,0
"(20, 33)",1,1,0,1
"(21, 33)",1,0,1,0
"(22, 33)",1,1,0,1
"(23, 33)",1,0,1,1
"(24, 33)",1,1,1,0
"(25, 33)",1,1,0,0
"(26, 33)",1,0,0,1
"(27, 33)",0,0,1,0
"(28, 33)",1,1,0,0
"(29, 33)",1,1,0,1
"(30, 33)",0,1,1,0
"(31, 33)",1,0,0,1
"(32, 33)",0,1,1,0
"(33, 33)",0,1,0,1
"(34, 33)",1,0,1,1
"(35, 33)",1,1,1,1
"(36, 33)",1,1,1,0
"(37, 33)",1,1,0,1
"(38, 33)",1,1,1,1
"(39, 33)",0,1,1,1
"(40, 33)",1,1,1,1
"(41, 33)",1,1,1,0
"(42, 33)",1,1,0,0
"(43, 33)",1,1,0,1
"(44, 33)",1,1,1,0
"(45, 33)",1,1,0,1
"(46, 33)",0,1,1,1
"(47, 33)",1,1,1,0
"(48, 33)",1,1,0,1
"(49, 33)",0,0,1,1
"(50, 33)",1,1,1,0
"(1, 34)",1,1,0,0
"(2, 34)",1,1,0,0
"(3, 34)",1,1,0,1
"(4, 34)",0,0,1,0
"(5, 34)",1,1,0,0
"(6, 34)",1,1,0,1
"(7, 34)",0,0,1,1
"(8, 34)",1,1,1,0
"(9, 34)",1,1,0,0
"(10, 34)",1,0,0,0
"(11, 34)",1,1,0,1
"(12, 34)",1,1,1,0
"(13, 34)",1,1,0,1
"(14, 34)",0,0,1,1
"(15, 34)",1,1,1,1
"(16, 34)",1,0,1,0
"(17, 34)",1,1,0,1
"(18, 34)",0,1,1,0
"(19, 34)",1,1,0,1
"(20, 34)",1,1,1,0
"(21, 34)",0,1,0,1
"(22, 34)",0,1,1,0
"(23, 34)",1,1,0,0
"(24, 34)",1,1,0,0
"(25, 34)",1,1,0,1
"(26, 34)",0,1,1,1
"(27, 34)",1,0,1,1
"(28, 34)",1,1,1,1
"(29, 34)",0,1,1,1
"(30, 34)",1,0,1,0
"(31, 34)",1,1,0,1
"(32, 34)",0,0,1,1
"(33, 34)",0,0,1,1
"(34, 34)",1,1,1,0
"(35, 34)",1,1,0,0
"(36, 34)",0,1,0,1
"(37, 34)",1,1,1,0
"(38, 34)",1,1,0,1
"(39, 34)",1,0,1,0
"(40, 34)",1,1,0,0
"(41, 34)",0,1,0,1
"(42, 34)",1,1,1,0
"(43, 34)",1,1,0,0
"(44, 34)",1,1,0,0
"(45, 34)",1,1,0,1
"(46, 34)",1,0,1,1
"(47, 34)",0,1,1,1
"(48, 34)",0,1,1,0
"(49, 34)",1,0,0,1
"(50, 34)",1,1,1,0
"(1, 35)",1,1,0,1
"(2, 35)",0,1,1,1
"(3, 35)",0,1,1,1
"(4, 35)",1,0,1,1
"(5, 35)",1,1,1,0
"(6, 35)",1,1,0,1
"(7, 35)",0,0,1,1
"(8, 35)",0,1,1,1
"(9, 35)",0,1,1,1
"(10, 35)",1,1,1,1
"(11, 35)",1,1,1,0
"(12, 35)",0,1,0,0
"(13, 35)",0,1,0,1
"(14, 35)",1,0,1,1
"(15, 35)",0,1,1,0
"(16, 35)",0,1,0,1
"(17, 35)",0,1,1,1
"(18, 35)",1,0,1,1
"(19, 35)",1,1,1,0
"(20, 35)",1,1,0,1
"(21, 35)",0,0,1,1
"(22, 35)",0,0,1,1
"(23, 35)",0,1,1,1
"(24, 35)",1,1,1,1
"(25, 35)",1,1,1,0
"(26, 35)",1,0,0,1
"(27, 35)",0,1,1,0
"(28, 35)",1,1,0,1
"(29, 35)",0,0,1,1
"(30, 35)",0,1,1,1
"(31, 35)",1,1,1,1
"(32, 35)",0,0,1,1
"(33, 35)",0,0,1,1
"(34, 35)",1,1,1,1
"(35, 35)",0,1,1,1
"(36, 35)",1,0,1,0
"(37, 35)",0,1,0,1
"(38, 35)",1,1,1,0
"(39, 35)",1,1,0,0
"(40, 35)",0,1,0,1
"(41, 35)",1,0,1,1
"(42, 35)",1,1,1,1
"(43, 35)",0,1,1,1
"(44, 35)",1,1,1,1
"(45, 35)",0,1,1,0
"(46, 35)",1,1,0,1
"(47, 35)",1,0,1,0
"(48, 35)",1,0,0,1
"(49, 35)",0,1,1,0
"(50, 35)",1,1,0,0
"(1, 36)",1,1,0,1
"(2, 36)",1,0,1,1
"(3, 36)",0,0,1,1
"(4, 36)",1,1,1,0
"(5, 36)",1,1,0,0
"(6, 36)",0,1,0,1
"(7, 36)",0,0,1,1
"(8, 36)",1,0,1,0
"(9, 36)",1,0,0,1
"(10, 36)",1,1,1,0
"(11, 36)",0,1,0,1
"(12, 36)",1,0,1,1
"(13, 36)",0,0,1,1
"(14, 36)",0,1,1,1
"(15, 36)",1,0,1,1
"(16, 36)",1,0,1,0
"(17, 36)",1,0,0,1
"(18, 36)",1,1,1,0
"(19, 36)",1,1,0,1
"(20, 36)",0,1,1,1
"(21, 36)",1,0,1,1
"(22, 36)",1,0,1,1
"(23, 36)",1,0,1,1
"(24, 36)",0,1,1,0
"(25, 36)",0,1,0,1
"(26, 36)",1,1,1,1
"(27, 36)",1,0,1,1
"(28, 36)",0,1,1,1
"(29, 36)",0,0,1,1
"(30, 36)",1,0,1,1
"(31, 36)",0,1,1,1
"(32, 36)",1,0,1,1
"(33, 36)",0,0,1,1
"(34, 36)",0,1,1,0
"(35, 36)",1,0,0,1
"(36, 36)",1,1,1,0
"(37, 36)",1,0,0,1
"(38, 36)",1,1,1,1
"(39, 36)",1,1,1,0
"(40, 36)",1,0,0,1
"(41, 36)",1,1,1,0
"(42, 36)",1,1,0,1
"(43, 36)",1,0,1,1
"(44, 36)",1,1,1,0
"(45, 36)",1,0,0,1
"(46, 36)",0,1,1,0
"(47, 36)",0,1,0,1
"(48, 36)",1,1,1,1
"(49, 36)",1,0,1,1
"(50, 36)",0,1,1,0
"(1, 37)",1,1,0,0
"(2, 37)",1,1,0,1
"(3, 37)",0,0,1,1
"(4, 37)",1,1,1,1
"(5, 37)",1,1,1,0
"(6, 37)",0,0,0,1
"(7, 37)",0,0,1,1
"(8, 37)",1,1,1,1
"(9, 37)",0,1,1,0
"(10, 37)",1,1,0,1
"(11, 37)",0,0,1,1
"(12, 37)",1,1,1,1
"(13, 37)",0,0,1,1
"(14, 37)",1,0,1,1
"(15, 37)",0,1,1,0
"(16, 37)",1,1,0,1
"(17, 37)",1,1,1,0
"(18, 37)",1,1,0,1
"(19, 37)",1,1,1,1
"(20, 37)",0,0,1,1
"(21, 37)",1,1,1,0
"(22, 37)",1,1,0,0
"(23, 37)",1,1,0,1
"(24, 37)",0,0,1,1
"(25, 37)",1,0,1,1
"(26, 37)",0,1,1,0
"(27, 37)",1,1,0,1
"(28, 37)",0,0,1,1
"(29, 37)",1,0,1,1
"(30, 37)",0,1,1,0
"(31, 37)",1,0,0,1
"(32, 37)",1,1,1,1
"(33, 37)",1,0,1,1
"(34, 37)",1,0,1,0
"(35, 37)",1,1,0,0
"(36, 37)",0,1,0,1
"(37, 37)",1,1,1,0
"(38, 37)",0,1,0,0
"(39, 37)",1,1,0,1
"(40, 37)",1,1,1,0
"(41, 37)",1,1,0,0
"(42, 37)",1,1,0,0
"(43, 37)",1,1,0,0
"(44, 37)",1,1,0,1
"(45, 37)",0,1,1,1
"(46, 37)",0,0,1,1
"(47, 37)",1,0,1,1
"(48, 37)",1,1,1,0
"(49, 37)",0,1,0,1
"(50, 37)",1,0,1,0
"(1, 38)",1,1,0,1
"(2, 38)",0,1,1,1
"(3, 38)",1,0,1,1
"(4, 38)",1,1,1,0
"(5, 38)",1,1,0,0
"(6, 38)",1,0,0,1
"(7, 38)",0,0,1,1
"(8, 38)",1,1,1,1
"(9, 38)",1,0,1,1
"(10, 38)",0,1,1,1
"(11, 38)",1,0,1,0
"(12, 38)",1,1,0,1
"(13, 38)",1,0,1,1
"(14, 38)",1,1,1,1
"(15, 38)",1,0,1,1
"(16, 38)",0,1,1,0
"(17, 38)",1,1,0,1
"(18, 38)",1,1,1,0
"(19, 38)",1,1,0,1
"(20, 38)",0,0,1,1
"(21, 38)",1,1,1,0
"(22, 38)",1,1,0,1
"(23, 38)",0,1,1,0
"(24, 38)",1,0,0,1
"(25, 38)",1,1,1,1
"(26, 38)",0,0,1,1
"(27, 38)",0,1,1,1
"(28, 38)",1,0,1,0
"(29, 38)",1,1,0,1
"(30, 38)",0,0,1,1
"(31, 38)",1,1,1,0
"(32, 38)",1,1,0,0
"(33, 38)",1,1,0,0
"(34, 38)",1,1,0,1
"(35, 38)",0,1,1,0
"(36, 38)",1,0,0,1
"(37, 38)",0,1,1,1
"(38, 38)",1,0,1,1
"(39, 38)",0,1,1,0
"(40, 38)",1,1,0,1
"(41, 38)",0,1,1,1
"(42, 38)",1,1,1,1
"(43, 38)",1,1,1,1
"(44, 38)",0,1,1,1
"(45, 38)",1,0,1,0
"(46, 38)",1,0,0,1
"(47, 38)",0,1,1,0
"(48, 38)",1,1,0,1
"(49, 38)",1,0,1,1
"(50, 38)",1,1,1,0
"(1, 39)",1,1,0,1
"(2, 39)",0,0,1,1
"(3, 39)",1,1,1,0
"(4, 39)",1,1,0,1
"(5, 39)",1,1,1,1
"(6, 39)",1,1,1,0
"(7, 39)",1,0,0,1
"(8, 39)",0,1,1,0
"(9, 39)",1,1,0,1
"(10, 39)",0,0,1,1
"(11, 39)",1,1,1,1
"(12, 39)",0,1,1,0
"(13, 39)",1,1,0,0
"(14, 39)",1,1,0,0
"(15, 39)",0,1,0,1
"(16, 39)",1,0,1,1
"(17, 39)",0,1,1,0
"(18, 39)",1,1,0,1
"(19, 39)",1,1,1,0
"(20, 39)",1,0,0,1
"(21, 39)",1,1,1,0
"(22, 39)",1,1,0,1
"(23, 39)",0,0,1,1
"(24, 39)",1,1,1,0
"(25, 39)",1,1,0,1
"(26, 39)",1,0,1,0
"(27, 39)",1,0,0,1
"(28, 39)",0,1,1,1
"(29, 39)",0,1,1,0
"(30, 39)",1,0,0,1
"(31, 39)",1,1,1,0
"(32, 39)",1,1,0,1
"(33, 39)",0,1,1,1
"(34, 39)",1,1,1,0
"(35, 39)",1,0,0,1
"(36, 39)",1,1,1,1
"(37, 39)",0,0,1,1
"(38, 39)",0,1,1,1
"(39, 39)",1,0,1,0
"(40, 39)",1,1,0,1
"(41, 39)",0,0,1,1
"(42, 39)",1,1,1,0
"(43, 39)",1,1,0,1
"(44, 39)",1,0,1,1
"(45, 39)",0,1,1,1
"(46, 39)",0,1,1,1
"(47, 39)",1,0,1,1
"(48, 39)",0,1,1,0
"(49, 39)",1,1,0,0
"(50, 39)",1,1,0,0
"(1, 40)",0,1,0,1
"(2, 40)",1,0,1,0
"(3, 40)",1,1,0,0
"(4, 40)",1,1,0,0
"(5, 40)",1,1,0,0
"(6, 40)",1,1,0,1
"(7, 40)",0,1,1,1
"(8, 40)",1,0,1,1
"(9, 40)",0,1,1,1
"(10, 40)",1,0,1,1
"(11, 40)",0,1,1,1
"(12, 40)",0,0,1,1
"(13, 40)",1,1,1,1
"(14, 40)",0,1,1,1
"(15, 40)",1,0,1,1
"(16, 40)",0,1,1,1
"(17, 40)",1,0,1,0
"(18, 40)",1,1,0,0
"(19, 40)",1,1,0,1
"(20, 40)",1,1,1,0
"(21, 40)",1,1,0,1
"(22, 40)",0,1,1,1
"(23, 40)",1,0,1,1
"(24, 40)",0,1,1,0
"(25, 40)",1,1,0,0
"(26, 40)",1,1,0,0
"(27, 40)",1,1,0,1
"(28, 40)",1,0,1,1
"(29, 40)",1,0,1,0
"(30, 40)",1,1,0,0
"(31, 40)",1,1,0,1
"(32, 40)",0,1,1,1
"(33, 40)",1,0,1,0
"(34, 40)",1,1,0,1
"(35, 40)",1,1,1,0
"(36, 40)",1,1,0,1
"(37, 40)",1,0,1,0
"(38, 40)",1,0,0,1
"(39, 40)",1,1,1,0
"(40, 40)",1,1,0,1
"(41, 40)",1,0,1,0
"(42, 40)",1,1,0,1
"(43, 40)",0,1,1,0
"(44, 40)",1,1,0,1
"(45, 40)",1,0,1,0
"(46, 40)",1,0,0,1
"(47, 40)",0,1,1,1
"(48, 40)",1,0,1,1
"(49, 40)",0,1,1,1
"(50, 40)",1,1,1,0
"(1, 41)",1,0,0,1
"(2, 41)",0,1,1,1
"(3, 41)",1,1,1,1
"(4, 41)",1,1,1,1
"(5, 41)",0,1,1,1
"(6, 41)",0,1,1,1
"(7, 41)",1,0,1,1
"(8, 41)",1,1,1,1
"(9, 41)",0,0,1,1
"(10, 41)",1,1,1,1
"(11, 41)",1,0,1,0
"(12, 41)",1,0,0,1
"(13, 41)",0,1,1,1
"(14, 41)",1,0,1,1
"(15, 41)",1,1,1,0
"(16, 41)",1,0,0,1
"(17, 41)",1,1,1,0
"(18, 41)",1,1,0,1
"(19, 41)",0,1,1,0
"(20, 41)",1,1,0,0
"(21, 41)",1,1,0,1
"(22, 41)",0,0,1,1
"(23, 41)",1,1,1,0
"(24, 41)",1,0,0,1
"(25, 41)",1,1,1,0
"(26, 41)",1,1,0,1
"(27, 41)",0,1,1,0
"(28, 41)",1,1,0,0
"(29, 41)",0,1,0,1
"(30, 41)",0,1,1,1
"(31, 41)",0,1,1,1
"(32, 41)",1,0,1,0
"(33, 41)",1,1,0,1
"(34, 41)",1,1,1,0
"(35, 41)",0,1,0,1
"(36, 41)",1,1,1,0
"(37, 41)",1,1,0,1
"(38, 41)",0,1,1,0
"(39, 41)",0,1,0,1
"(40, 41)",0,1,1,0
"(41, 41)",1,1,0,1
"(42, 41)",0,1,1,1
"(43, 41)",0,0,1,1
"(44, 41)",0,1,1,0
"(45, 41)",0,1,0,1
"(46, 41)",1,1,1,0
"(47, 41)",1,0,0,1
"(48, 41)",0,1,1,1
"(49, 41)",1,0,1,1
"(50, 41)",1,1,1,0
"(1, 42)",1,1,0,0
"(2, 42)",1,0,0,1
"(3, 42)",1,1,1,0
"(4, 42)",1,1,0,1
"(5, 42)",1,0,1,1
"(6, 42)",0,0,1,1
"(7, 42)",1,1,1,0
"(8, 42)",1,1,0,1
"(9, 42)",1,0,1,1
"(10, 42)",0,1,1,0
"(11, 42)",1,1,0,1
"(12, 42)",0,1,1,1
"(13, 42)",0,0,1,1
"(14, 42)",1,1,1,0
"(15, 42)",1,1,0,1
"(16, 42)",0,1,1,0
"(17, 42)",1,1,0,1
"(18, 42)",1,1,1,1
"(19, 42)",0,0,1,1
"(20, 42)",0,1,1,1
"(21, 42)",1,1,1,1
"(22, 42)",0,0,1,0
"(23, 42)",1,1,0,1
"(24, 42)",0,1,1,0
"(25, 42)",1,1,0,1
"(26, 42)",0,1,1,1
"(27, 42)",1,0,1,0
"(28, 42)",1,1,0,1
"(29, 42)",1,0,1,1
"(30, 42)",0,0,1,1
"(31, 42)",0,0,1,1
"(32, 42)",1,1,1,1
"(33, 42)",1,1,1,0
"(34, 42)",1,1,0,0
"(35, 42)",1,0,0,1
"(36, 42)",0,1,1,1
"(37, 42)",1,1,1,1
"(38, 42)",0,0,1,1
"(39, 42)",1,0,1,1
"(40, 42)",0,0,1,1
"(41, 42)",1,1,1,1
"(42, 42)",0,0,1,1
"(43, 42)",1,0,1,1
"(44, 42)",0,0,1,1
"(45, 42)",1,0,1,1
"(46, 42)",1,1,1,1
"(47, 42)",0,1,1,1
"(48, 42)",1,0,1,0
"(49, 42)",1,1,0,0
"(50, 42)",1,1,0,0
"(1, 43)",1,1,0,1
"(2, 43)",0,1,1,0
"(3, 43)",1,1,0,1
"(4, 43)",1,1,1,0
"(5, 43)",1,1,0,1
"(6, 43)",0,0,1,1
"(7, 43)",1,1,1,1
"(8, 43)",1,1,1,0
"(9, 43)",1,1,0,0
"(10, 43)",1,0,0,0
"(11, 43)",1,1,0,1
"(12, 43)",1,0,1,1
"(13, 43)",0,0,1,1
"(14, 43)",1,1,1,1
"(15, 43)",0,1,1,1
"(16, 43)",1,0,1,1
"(17, 43)",1,1,1,0
"(18, 43)",1,1,0,1
"(19, 43)",1,0,1,1
"(20, 43)",0,0,1,1
"(21, 43)",1,1,1,1
"(22, 43)",1,0,1,1
"(23, 43)",0,1,1,1
"(24, 43)",1,0,1,0
"(25, 43)",1,1,0,1
"(26, 43)",1,0,1,1
"(27, 43)",1,1,1,1
"(28, 43)",0,1,1,0
"(29, 43)",0,1,0,1
"(30, 43)",0,0,1,1
"(31, 43)",1,0,1,1
"(32, 43)",1,1,1,0
"(33, 43)",1,1,0,0
"(34, 43)",1,1,0,1
"(35, 43)",0,1,1,1
"(36, 43)",1,0,1,1
"(37, 43)",0,1,1,1
"(38, 43)",1,0,1,0
"(39, 43)",1,1,0,0
"(40, 43)",1,0,0,1
"(41, 43)",0,1,1,1
"(42, 43)",1,0,1,1
"(43, 43)",1,1,1,0
"(44, 43)",1,0,0,1
"(45, 43)",1,1,1,0
"(46, 43)",1,1,0,1
"(47, 43)",1,0,1,0
"(48, 43)",1,1,0,1
"(49, 43)",0,1,1,1
"(50, 43)",1,1,1,0
"(1, 44)",1,1,0,1
"(2, 44)",1,0,1,1
"(3, 44)",1,1,1,0
"(4, 44)",1,1,0,1
"(5, 44)",1,1,1,0
"(6, 44)",1,0,0,1
"(7, 44)",1,1,1,0
"(8, 44)",1,1,0,1
"(9, 44)",0,1,1,1
"(10, 44)",1,1,1,1
"(11, 44)",1,1,1,0
"(12, 44)",1,1,0,1
"(13, 44)",0,0,1,1
"(14, 44)",1,1,1,1
"(15, 44)",0,0,1,1
"(16, 44)",1,1,1,0
"(17, 44)",1,1,0,0
"(18, 44)",1,1,0,0
"(19, 44)",1,1,0,1
"(20, 44)",1,0,1,0
"(21, 44)",1,1,0,0
"(22, 44)",1,1,0,1
"(23, 44)",1,0,1,1
"(24, 44)",1,1,1,1
"(25, 44)",0,1,1,0
"(26, 44)",1,1,0,0
"(27, 44)",1,1,0,1
"(28, 44)",1,0,1,1
"(29, 44)",0,0,1,1
"(30, 44)",1,0,1,1
"(31, 44)",0,1,1,0
"(32, 44)",1,1,0,0
"(33, 44)",1,1,0,1
"(34, 44)",0,1,1,1
"(35, 44)",1,0,1,1
"(36, 44)",1,1,1,0
"(37, 44)",1,0,0,1
"(38, 44)",1,1,1,1
"(39, 44)",0,1,1,1
"(40, 44)",1,1,1,0
"(41, 44)",1,0,0,1
"(42, 44)",1,1,1,0
"(43, 44)",0,1,0,1
"(44, 44)",1,1,1,0
"(45, 44)",1,1,0,0
"(46, 44)",1,1,0,0
"(47, 44)",1,1,0,0
"(48, 44)",1,1,0,1
"(49, 44)",1,0,1,1
"(50, 44)",0,1,1,0
"(1, 45)",1,1,0,0
"(2, 45)",1,1,0,0
"(3, 45)",0,1,0,0
"(4, 45)",1,1,0,0
"(5, 45)",1,1,0,1
"(6, 45)",1,1,1,0
"(7, 45)",1,1,0,1
"(8, 45)",1,1,1,0
"(9, 45)",1,0,0,1
"(10, 45)",1,1,1,0
"(11, 45)",1,1,0,0
"(12, 45)",1,1,0,1
"(13, 45)",0,0,1,1
"(14, 45)",0,1,1,1
"(15, 45)",1,0,1,1
"(16, 45)",1,1,1,1
"(17, 45)",0,1,1,1
"(18, 45)",1,1,1,1
"(19, 45)",1,1,1,0
"(20, 45)",1,1,0,1
"(21, 45)",0,1,1,1
"(22, 45)",0,1,1,0
"(23, 45)",1,1,0,0
"(24, 45)",0,1,0,1
"(25, 45)",1,0,1,0
"(26, 45)",1,1,0,1
"(27, 45)",1,1,1,0
"(28, 45)",1,1,0,1
"(29, 45)",0,0,1,1
"(30, 45)",0,1,1,1
"(31, 45)",1,0,1,1
"(32, 45)",1,1,1,1
"(33, 45)",0,1,1,1
"(34, 45)",1,0,1,1
"(35, 45)",0,1,1,0
"(36, 45)",0,1,0,1
"(37, 45)",1,1,1,0
"(38, 45)",0,1,0,0
"(39, 45)",1,0,0,1
"(40, 45)",0,1,1,1
"(41, 45)",1,1,1,0
"(42, 45)",1,1,0,1
"(43, 45)",0,0,1,1
"(44, 45)",1,1,1,0
"(45, 45)",0,1,0,1
"(46, 45)",0,1,1,1
"(47, 45)",1,1,1,1
"(48, 45)",1,1,1,0
"(49, 45)",0,1,0,1
"(50, 45)",1,0,1,0
"(1, 46)",1,1,0,1
"(2, 46)",0,1,1,1
"(3, 46)",1,0,1,1
"(4, 46)",1,1,1,1
"(5, 46)",0,1,1,0
"(6, 46)",1,1,0,1
"(7, 46)",1,1,1,0
"(8, 46)",1,1,0,1
"(9, 46)",0,1,1,0
"(10, 46)",1,1,0,1
"(11, 46)",0,1,1,1
"(12, 46)",1,1,1,0
"(13, 46)",1,0,0,1
"(14, 46)",0,0,1,1
"(15, 46)",1,1,1,0
"(16, 46)",1,1,0,1
"(17, 46)",0,0,1,1
"(18, 46)",1,1,1,0
"(19, 46)",1,1,0,0
"(20, 46)",1,1,0,1
"(21, 46)",1,0,1,1
"(22, 46)",0,0,1,1
"(23, 46)",0,1,1,1
"(24, 46)",1,0,1,1
"(25, 46)",0,1,1,1
"(26, 46)",1,1,1,0
"(27, 46)",1,1,0,1
"(28, 46)",1,1,1,1
"(29, 46)",0,0,1,0
"(30, 46)",1,0,0,1
"(31, 46)",0,1,1,0
"(32, 46)",1,1,0,1
"(33, 46)",0,0,1,1
"(34, 46)",1,1,1,1
"(35, 46)",0,0,1,1
"(36, 46)",1,0,1,1
"(37, 46)",0,1,1,0
"(38, 46)",1,0,0,1
"(39, 46)",0,1,1,0
"(40, 46)",1,0,0,1
"(41, 46)",1,1,1,1
"(42, 46)",0,1,1,1
"(43, 46)",0,0,1,1
"(44, 46)",1,1,1,1
"(45, 46)",0,0,1,1
"(46, 46)",0,0,1,1
"(47, 46)",1,1,1,0
"(48, 46)",1,1,0,1
"(49, 46)",1,0,1,1
"(50, 46)",1,1,1,0
"(1, 47)",1,1,0,0
"(2, 47)",1,0,0,0
"(3, 47)",1,1,0,0
"(4, 47)",0,1,0,1
"(5, 47)",1,0,1,1
"(6, 47)",0,1,1,0
"(7, 47)",1,1,0,0
"(8, 47)",1,1,0,1
"(9, 47)",0,0,1,1
"(10, 47)",0,1,1,1
"(11, 47)",0,0,1,1
"(12, 47)",1,1,1,1
"(13, 47)",1,1,1,1
"(14, 47)",1,0,1,1
"(15, 47)",1,1,1,0
"(16, 47)",0,1,0,1
"(17, 47)",1,0,1,0
"(18, 47)",1,1,0,1
"(19, 47)",0,1,1,0
"(20, 47)",1,1,0,0
"(21, 47)",0,1,0,1
"(22, 47)",1,0,1,1
"(23, 47)",1,0,1,1
"(24, 47)",0,1,1,1
"(25, 47)",0,0,1,1
"(26, 47)",1,1,1,1
"(27, 47)",0,1,1,0
"(28, 47)",1,1,0,1
"(29, 47)",1,0,1,0
"(30, 47)",0,1,0,1
"(31, 47)",1,0,1,0
"(32, 47)",1,1,0,1
"(33, 47)",0,0,1,1
"(34, 47)",1,1,1,1
"(35, 47)",1,0,1,0
"(36, 47)",1,1,0,1
"(37, 47)",1,0,1,1
"(38, 47)",0,1,1,1
"(39, 47)",0,0,1,1
"(40, 47)",1,1,1,0
"(41, 47)",1,1,0,1
"(42, 47)",1,0,1,1
"(43, 47)",1,0,1,1
"(44, 47)",1,1,1,1
"(45, 47)",0,0,1,1
"(46, 47)",1,0,1,1
"(47, 47)",0,1,1,1
"(48, 47)",0,1,1,0
"(49, 47)",1,1,0,0
"(50, 47)",1,1,0,0
"(1, 48)",0,1,0,1
"(2, 48)",1,1,1,0
"(3, 48)",1,1,0,1
"(4, 48)",0,0,1,1
"(5, 48)",1,1,1,0
"(6, 48)",1,0,0,1
"(7, 48)",0,1,1,1
"(8, 48)",0,1,1,1
"(9, 48)",1,0,1,1
"(10, 48)",0,0,1,0
"(11, 48)",1,0,0,1
"(12, 48)",1,1,1,0
"(13, 48)",1,1,0,0
"(14, 48)",1,1,0,0
"(15, 48)",1,1,0,1
"(16, 48)",0,0,1,1
"(17, 48)",1,1,1,1
"(18, 48)",0,1,1,1
"(19, 48)",1,0,1,0
"(20, 48)",1,1,0,1
"(21, 48)",1,0,1,1
"(22, 48)",1,1,1,0
"(23, 48)",1,1,0,1
"(24, 48)",0,0,1,1
"(25, 48)",1,0,1,1
"(26, 48)",1,1,1,0
"(27, 48)",1,0,0,1
"(28, 48)",1,1,1,0
"(29, 48)",1,1,0,1
"(30, 48)",0,0,1,1
"(31, 48)",1,1,1,0
"(32, 48)",1,1,0,1
"(33, 48)",0,0,1,1
"(34, 48)",1,1,1,0
"(35, 48)",1,1,0,1
"(36, 48)",1,1,1,0
"(37, 48)",1,1,0,1
"(38, 48)",0,0,1,1
"(39, 48)",1,0,1,1
"(40, 48)",1,1,1,1
"(41, 48)",1,1,1,0
"(42, 48)",1,1,0,0
"(43, 48)",1,1,0,0
"(44, 48)",0,1,0,1
"(45, 48)",1,0,1,0
"(46, 48)",1,1,0,1
"(47, 48)",0,0,1,1
"(48, 48)",1,0,1,1
"(49, 48)",1,1,1,0
"(50, 48)",1,1,0,0
"(1, 49)",1,0,0,1
"(2, 49)",0,1,1,1
"(3, 49)",1,1,1,1
"(4, 49)",0,0,1,1
"(5, 49)",1,1,1,0
"(6, 49)",1,1,0,1
"(7, 49)",0,0,1,1
"(8, 49)",0,0,1,1
"(9, 49)",1,1,1,1
"(10, 49)",0,0,1,1
"(11, 49)",1,1,1,0
"(12, 49)",0,1,0,1
"(13, 49)",1,1,1,1
"(14, 49)",1,1,1,0
"(15, 49)",0,1,0,1
"(16, 49)",1,0,1,1
"(17, 49)",0,1,1,1
"(18, 49)",1,0,1,0
"(19, 49)",1,1,0,1
"(20, 49)",0,1,1,0
"(21, 49)",1,1,0,0
"(22, 49)",1,1,0,1
"(23, 49)",1,1,1,0
"(24, 49)",1,0,0,1
"(25, 49)",0,1,1,0
"(26, 49)",1,1,0,1
"(27, 49)",0,1,1,0
"(28, 49)",0,1,0,0
"(29, 49)",1,1,0,1
"(30, 49)",0,0,1,1
"(31, 49)",1,1,1,0
"(32, 49)",1,1,0,1
"(33, 49)",0,0,1,1
"(34, 49)",1,1,1,1
"(35, 49)",0,1,1,0
"(36, 49)",1,1,0,0
"(37, 49)",0,1,0,1
"(38, 49)",1,0,1,1
"(39, 49)",1,1,1,0
"(40, 49)",1,1,0,0
"(41, 49)",1,1,0,0
"(42, 49)",1,1,0,1
"(43, 49)",0,1,1,1
"(44, 49)",1,0,1,1
"(45, 49)",0,1,1,0
"(46, 49)",1,1,0,1
"(47, 49)",0,0,1,1
"(48, 49)",1,1,1,0
"(49, 49)",0,1,0,1
"(50, 49)",1,1,1,0
"(1, 50)",1,1,0,1
"(2, 50)",1,0,1,1
"(3, 50)",0,1,1,1
"(4, 50)",1,0,1,1
"(5, 50)",0,1,1,1
"(6, 50)",1,1,1,1
"(7, 50)",1,0,1,1
"(8, 50)",0,0,1,1
"(9, 50)",1,1,1,0
"(10, 50)",1,0,0,1
"(11, 50)",1,1,1,0
"(12, 50)",1,0,0,1
"(13, 50)",0,1,1,0
"(14, 50)",1,1,0,1
"(15, 50)",0,0,1,1
"(16, 50)",1,1,1,1
"(17, 50)",0,0,1,1
"(18, 50)",0,1,1,1
"(19, 50)",0,1,1,1
"(20, 50)",1,0,1,1
"(21, 50)",0,1,1,1
"(22, 50)",1,1,1,0
"(23, 50)",1,1,0,0
"(24, 50)",1,1,0,1
"(25, 50)",1,0,1,0
"(26, 50)",1,1,0,1
"(27, 50)",1,0,1,1
"(28, 50)",0,0,1,1
"(29, 50)",0,1,1,1
"(30, 50)",1,0,1,0
"(31, 50)",1,1,0,0
"(32, 50)",0,1,0,1
"(33, 50)",1,0,1,1
"(34, 50)",0,1,1,1
"(35, 50)",1,0,1,1
"(36, 50)",0,1,1,1
"(37, 50)",1,0,1,1
"(38, 50)",1,1,1,0
"(39, 50)",1,1,0,0
"(40, 50)",1,1,0,1
"(41, 50)",1,1,1,1
"(42, 50)",0,1,1,1
"(43, 50)",0,0,1,1
"(44, 50)",1,1,1,1
"(45, 50)",0,0,1,1
"(46, 50)",1,1,1,1
"(47, 50)",1,0,1,1
"(48, 50)",1,1,1,0
"(49, 50)",1,0,0,1
"(50, 50)",0,1,1,0
"(1, 51)",1,1,0,0
"(2, 51)",1,1,0,1
"(3, 51)",1,0,1,0
"(4, 51)",1,1,0,1
"(5, 51)",1,0,1,0
"(6, 51)",1,1,0,0
"(7, 51)",1,1,0,1
"(8, 51)",1,0,1,1
"(9, 51)",0,1,1,1
"(10, 51)",1,1,1,0
"(11, 51)",1,1,0,1
"(12, 51)",0,1,1,1
"(13, 51)",0,0,1,0
"(14, 51)",1,1,0,1
"(15, 51)",1,0,1,1
"(16, 51)",1,1,1,1
"(17, 51)",0,0,1,1
"(18, 51)",1,0,1,1
"(19, 51)",1,0,1,1
"(20, 51)",1,1,1,1
"(21, 51)",0,0,1,1
"(22, 51)",1,1,1,0
"(23, 51)",1,1,0,1
"(24, 51)",1,1,1,0
"(25, 51)",0,1,0,1
"(26, 51)",1,1,1,0
"(27, 51)",0,1,0,1
"(28, 51)",1,0,1,0
"(29, 51)",1,0,0,1
"(30, 51)",1,1,1,1
"(31, 51)",1,1,1,1
"(32, 51)",0,0,1,1
"(33, 51)",1,1,1,0
"(34, 51)",1,0,0,1
"(35, 51)",0,1,1,1
"(36, 51)",0,0,1,1
"(37, 51)",1,1,1,0
"(38, 51)",1,1,0,1
"(39, 51)",0,1,1,1
"(40, 51)",1,1,1,0
"(41, 51)",0,1,0,1
"(42, 51)",1,0,1,1
"(43, 51)",0,0,1,1
"(44, 51)",1,1,1,1
"(45, 51)",1,0,1,1
"(46, 51)",0,1,1,0
"(47, 51)",1,1,0,0
"(48, 51)",1,1,0,1
"(49, 51)",1,1,1,1
"(50, 51)",1,0,1,0
"(1, 52)",1,1,0,1
"(2, 52)",1,1,1,0
"(3, 52)",0,1,0,1
"(4, 52)",1,1,1,0
"(5, 52)",1,1,0,1
"(6, 52)",1,1,1,1
"(7, 52)",0,1,1,0
"(8, 52)",0,1,0,1
"(9, 52)",1,0,1,1
"(10, 52)",0,1,1,1
"(11, 52)",1,1,1,1
"(12, 52)",0,0,1,1
"(13, 52)",0,0,1,1
"(14, 52)",1,1,1,0
"(15, 52)",1,1,0,0
"(16, 52)",1,1,0,1
"(17, 52)",1,0,1,1
"(18, 52)",1,1,1,0
"(19, 52)",1,1,0,0
"(20, 52)",0,1,0,1
"(21, 52)",1,0,1,1
"(22, 52)",1,1,1,1
"(23, 52)",0,1,1,0
"(24, 52)",1,1,0,1
"(25, 52)",1,0,1,0
"(26, 52)",0,1,0,1
"(27, 52)",1,0,1,1
"(28, 52)",1,1,1,1
"(29, 52)",1,1,1,0
"(30, 52)",1,1,0,0
"(31, 52)",1,1,0,1
"(32, 52)",0,0,1,1
"(33, 52)",1,1,1,1
"(34, 52)",0,1,1,1
"(35, 52)",0,0,1,0
"(36, 52)",1,0,0,1
"(37, 52)",1,1,1,1
"(38, 52)",1,1,1,0
"(39, 52)",1,0,0,1
"(40, 52)",1,1,1,1
"(41, 52)",0,0,1,1
"(42, 52)",0,1,1,1
"(43, 52)",0,0,1,1
"(44, 52)",1,1,1,0
"(45, 52)",1,1,0,0
"(46, 52)",1,0,0,1
"(47, 52)",0,1,1,1
"(48, 52)",1,1,1,0
"(49, 52)",1,1,0,0
"(50, 52)",1,1,0,0
"(1, 53)",1,1,0,0
"(2, 53)",1,1,0,1
"(3, 53)",0,0,1,1
"(4, 53)",0,1,1,1
"(5, 53)",1,1,1,0
"(6, 53)",0,1,0,1
"(7, 53)",1,0,1,0
"(8, 53)",1,0,0,1
"(9, 53)",0,1,1,1
"(10, 53)",0,0,1,1
"(11, 53)",0,1,1,1
"(12, 53)",0,0,1,1
"(13, 53)",1,0,1,1
"(14, 53)",1,1,1,1
"(15, 53)",0,1,1,1
"(16, 53)",1,1,1,0
"(17, 53)",1,1,0,0
"(18, 53)",1,1,0,1
"(19, 53)",0,1,1,1
"(20, 53)",1,0,1,1
"(21, 53)",1,1,1,0
"(22, 53)",1,1,0,0
"(23, 53)",1,0,0,1
"(24, 53)",1,1,1,0
"(25, 53)",1,1,0,0
"(26, 53)",1,0,0,1
"(27, 53)",1,1,1,0
"(28, 53)",1,1,0,0
"(29, 53)",0,1,0,1
"(30, 53)",1,1,1,1
"(31, 53)",1,1,1,0
"(32, 53)",1,0,0,1
"(33, 53)",1,1,1,1
"(34, 53)",1,0,1,0
"(35, 53)",1,0,0,1
"(36, 53)",1,1,1,0
"(37, 53)",0,1,0,0
"(38, 53)",0,1,0,1
"(39, 53)",1,1,1,0
"(40, 53)",1,1,0,0
"(41, 53)",1,0,0,1
"(42, 53)",0,0,1,1
"(43, 53)",1,0,1,1
"(44, 53)",1,1,1,1
"(45, 53)",1,1,1,1
"(46, 53)",0,1,1,1
"(47, 53)",1,0,1,1
"(48, 53)",0,1,1,1
"(49, 53)",1,1,1,1
"(50, 53)",1,1,1,0
"(1, 54)",1,1,0,1
"(2, 54)",1,1,1,0
"(3, 54)",1,0,0,1
"(4, 54)",1,0,1,1
"(5, 54)",0,1,1,1
"(6, 54)",1,0,1,0
"(7, 54)",1,1,0,1
"(8, 54)",1,1,1,1
"(9, 54)",1,0,1,1
"(10, 54)",0,0,1,1
"(11, 54)",1,0,1,1
"(12, 54)",0,0,1,1
"(13, 54)",1,1,1,0
"(14, 54)",1,1,0,1
"(15, 54)",0,0,1,1
"(16, 54)",0,1,1,0
"(17, 54)",1,1,0,1
"(18, 54)",1,1,1,0
"(19, 54)",1,0,0,1
"(20, 54)",1,1,1,0
"(21, 54)",1,1,0,1
"(22, 54)",0,1,1,1
"(23, 54)",1,1,1,0
"(24, 54)",1,1,0,1
"(25, 54)",0,1,1,1
"(26, 54)",1,1,1,0
"(27, 54)",1,1,0,0
"(28, 54)",1,1,0,1
"(29, 54)",1,0,1,1
"(30, 54)",1,1,1,0
"(31, 54)",1,1,0,1
"(32, 54)",1,1,1,0
"(33, 54)",1,1,0,0
"(34, 54)",1,1,0,1
"(35, 54)",0,1,1,0
"(36, 54)",1,1,0,1
"(37, 54)",1,0,1,1
"(38, 54)",0,0,1,1
"(39, 54)",1,1,1,1
"(40, 54)",0,1,1,1
"(41, 54)",1,1,1,1
"(42, 54)",1,0,1,1
"(43, 54)",0,1,1,0
"(44, 54)",1,1,0,0
"(45, 54)",0,1,0,1
"(46, 54)",1,0,1,0
"(47, 54)",0,1,0,1
"(48, 54)",1,0,1,1
"(49, 54)",1,1,1,0
"(50, 54)",1,1,0,0
"(1, 55)",1,1,0,0
"(2, 55)",1,1,0,1
"(3, 55)",1,1,1,0
"(4, 55)",1,1,0,1
"(5, 55)",1,0,1,1
"(6, 55)",0,1,1,1
"(7, 55)",1,1,1,0
"(8, 55)",1,1,0,0
"(9, 55)",1,1,0,0
"(10, 55)",1,0,0,1
"(11, 55)",0,1,1,1
"(12, 55)",1,0,1,1
"(13, 55)",1,1,1,0
"(14, 55)",1,1,0,1
"(15, 55)",1,0,1,1
"(16, 55)",1,0,1,1
"(17, 55)",1,1,1,0
"(18, 55)",1,1,0,1
"(19, 55)",1,1,1,0
"(20, 55)",1,1,0,1
"(21, 55)",1,1,1,0
"(22, 55)",1,0,0,1
"(23, 55)",0,1,1,1
"(24, 55)",1,1,1,1
"(25, 55)",0,0,1,1
"(26, 55)",1,1,1,1
"(27, 55)",0,1,1,1
"(28, 55)",0,1,1,0
"(29, 55)",1,1,0,0
"(30, 55)",1,1,0,1
"(31, 55)",0,1,1,0
"(32, 55)",1,1,0,1
"(33, 55)",1,1,1,0
"(34, 55)",1,1,0,1
"(35, 55)",1,0,1,1
"(36, 55)",1,1,1,0
"(37, 55)",1,1,0,1
"(38, 55)",1,0,1,0
"(39, 55)",1,1,0,1
"(40, 55)",0,0,1,1
"(41, 55)",1,1,1,0
"(42, 55)",0,1,0,1
"(43, 55)",0,0,1,1
"(44, 55)",0,1,1,1
"(45, 55)",1,0,1,0
"(46, 55)",1,1,0,1
"(47, 55)",1,0,1,1
"(48, 55)",1,1,1,0
"(49, 55)",0,1,0,1
"(50, 55)",1,1,1,0
"(1, 56)",1,1,0,1
"(2, 56)",0,1,1,0
"(3, 56)",1,1,0,1
"(4, 56)",1,1,1,0
"(5, 56)",1,1,0,1
"(6, 56)",0,0,1,0
"(7, 56)",1,1,0,1
"(8, 56)",0,1,1,1
"(9, 56)",1,1,1,1
"(10, 56)",0,1,1,1
"(11, 56)",1,0,1,1
"(12, 56)",1,1,1,0
"(13, 56)",1,1,0,1
"(14, 56)",1,1,1,0
"(15, 56)",1,1,0,0
"(16, 56)",1,1,0,0
"(17, 56)",1,1,0,1
"(18, 56)",0,1,1,0
"(19, 56)",1,1,0,1
"(20, 56)",1,1,1,0
"(21, 56)",1,1,0,1
"(22, 56)",0,1,1,1
"(23, 56)",1,0,1,1
"(24, 56)",1,1,1,1
"(25, 56)",0,0,1,1
"(26, 56)",1,1,1,1
"(27, 56)",0,0,1,1
"(28, 56)",1,0,1,1
"(29, 56)",1,1,1,1
"(30, 56)",0,1,1,1
"(31, 56)",1,0,1,1
"(32, 56)",1,1,1,0
"(33, 56)",1,1,0,1
"(34, 56)",1,1,1,0
"(35, 56)",1,1,0,0
"(36, 56)",1,1,0,1
"(37, 56)",1,1,1,0
"(38, 56)",1,1,0,0
"(39, 56)",1,1,0,1
"(40, 56)",1,0,1,0
"(41, 56)",0,1,0,1
"(42, 56)",1,0,1,0
"(43, 56)",1,0,0,1
"(44, 56)",1,0,1,1
"(45, 56)",0,1,1,1
"(46, 56)",1,1,1,0
"(47, 56)",1,1,0,0
"(48, 56)",1,1,0,0
"(49, 56)",1,0,0,1
"(50, 56)",1,1,1,0
"(1, 57)",1,1,0,1
"(2, 57)",1,0,1,0
"(3, 57)",1,1,0,0
"(4, 57)",1,1,0,1
"(5, 57)",0,1,1,1
"(6, 57)",1,0,1,1
"(7, 57)",1,1,1,0
"(8, 57)",1,0,0,1
"(9, 57)",0,1,1,1
"(10, 57)",0,0,1,1
"(11, 57)",1,1,1,0
"(12, 57)",0,1,0,1
"(13, 57)",1,1,1,0
"(14, 57)",0,1,0,1
"(15, 57)",1,1,1,0
"(16, 57)",0,1,0,1
"(17, 57)",1,1,1,1
"(18, 57)",1,0,1,1
"(19, 57)",0,1,1,0
"(20, 57)",1,1,0,1
"(21, 57)",0,1,1,1
"(22, 57)",1,0,1,1
"(23, 57)",1,1,1,0
"(24, 57)",0,1,0,1
"(25, 57)",1,0,1,0
"(26, 57)",1,1,0,1
"(27, 57)",1,0,1,1
"(28, 57)",1,1,1,0
"(29, 57)",1,1,0,1
"(30, 57)",1,0,1,0
"(31, 57)",1,1,0,0
"(32, 57)",0,1,0,1
"(33, 57)",1,1,1,0
"(34, 57)",1,1,0,0
"(35, 57)",1,1,0,0
"(36, 57)",1,1,0,0
"(37, 57)",1,1,0,1
"(38, 57)",0,1,1,1
"(39, 57)",1,1,1,0
"(40, 57)",1,1,0,0
"(41, 57)",1,0,0,1
"(42, 57)",1,1,1,1
"(43, 57)",1,1,1,0
"(44, 57)",0,1,0,1
"(45, 57)",1,0,1,0
"(46, 57)",1,1,0,1
"(47, 57)",0,1,1,1
"(48, 57)",1,1,1,1
"(49, 57)",1,1,1,0
"(50, 57)",1,1,0,0
"(1, 58)",0,1,0,0
"(2, 58)",1,1,0,1
"(3, 58)",0,1,1,1
"(4, 58)",1,1,1,0
"(5, 58)",1,0,0,1
"(6, 58)",1,1,1,0
"(7, 58)",1,1,0,1
"(8, 58)",0,1,1,1
"(9, 58)",1,0,1,0
"(10, 58)",1,0,0,0
"(11, 58)",1,1,0,0
"(12, 58)",1,0,0,1
"(13, 58)",0,1,1,1
"(14, 58)",1,0,1,1
"(15, 58)",0,1,1,1
"(16, 58)",1,0,1,1
"(17, 58)",1,1,1,0
"(18, 58)",1,1,0,1
"(19, 58)",1,0,1,1
"(20, 58)",0,1,1,1
"(21, 58)",1,0,1,1
"(22, 58)",0,1,1,0
"(23, 58)",1,1,0,0
"(24, 58)",1,0,0,1
"(25, 58)",0,1,1,1
"(26, 58)",1,1,1,0
"(27, 58)",1,1,0,0
"(28, 58)",1,1,0,1
"(29, 58)",1,1,1,0
"(30, 58)",1,1,0,1
"(31, 58)",0,1,1,1
"(32, 58)",1,0,1,1
"(33, 58)",0,1,1,1
"(34, 58)",1,1,1,1
"(35, 58)",0,1,1,1
"(36, 58)",1,1,1,0
"(37, 58)",1,1,0,0
"(38, 58)",1,0,0,1
"(39, 58)",0,1,1,1
"(40, 58)",1,1,1,1
"(41, 58)",1,1,1,0
"(42, 58)",1,1,0,0
"(43, 58)",1,1,0,1
"(44, 58)",1,0,1,1
"(45, 58)",0,1,1,1
"(46, 58)",0,1,1,1
"(47, 58)",1,0,1,1
"(48, 58)",1,1,1,0
"(49, 58)",1,1,0,1
"(50, 58)",0,1,1,0
"(1, 59)",1,0,0,1
"(2, 59)",1,1,1,0
"(3, 59)",1,0,0,1
"(4, 59)",0,1,1,1
"(5, 59)",1,1,1,0
"(6, 59)",1,1,0,0
"(7, 59)",1,1,0,0
"(8, 59)",1,0,0,1
"(9, 59)",0,1,1,1
"(10, 59)",1,1,1,1
"(11, 59)",0,1,1,1
"(12, 59)",0,1,1,1
"(13, 59)",1,0,1,1
"(14, 59)",1,1,1,1
"(15, 59)",1,0,1,1
"(16, 59)",0,1,1,0
"(17, 59)",0,1,0,1
"(18, 59)",1,1,1,0
"(19, 59)",1,1,0,1
"(20, 59)",0,0,1,1
"(21, 59)",0,1,1,1
"(22, 59)",0,0,1,1
"(23, 59)",1,1,1,0
"(24, 59)",1,1,0,1
"(25, 59)",1,0,1,1
"(26, 59)",0,1,1,1
"(27, 59)",1,1,1,0
"(28, 59)",1,1,0,0
"(29, 59)",1,1,0,0
"(30, 59)",1,1,0,1
"(31, 59)",0,0,1,1
"(32, 59)",1,1,1,1
"(33, 59)",0,0,1,1
"(34, 59)",1,1,1,1
"(35, 59)",1,0,1,1
"(36, 59)",0,1,1,1
"(37, 59)",1,1,1,1
"(38, 59)",0,1,1,1
"(39, 59)",1,0,1,0
"(40, 59)",1,1,0,0
"(41, 59)",0,1,0,1
"(42, 59)",1,1,1,1
"(43, 59)",0,1,1,0
"(44, 59)",1,1,0,1
"(45, 59)",1,0,1,1
"(46, 59)",0,0,1,1
"(47, 59)",1,1,1,0
"(48, 59)",1,1,0,1
"(49, 59)",0,1,1,1
"(50, 59)",1,0,1,0
"(1, 60)",1,1,0,0
"(2, 60)",1,1,0,1
"(3, 60)",0,1,1,1
"(4, 60)",1,0,1,1
"(5, 60)",0,1,1,1
"(6, 60)",1,1,1,1
"(7, 60)",0,1,1,1
"(8, 60)",0,1,1,1
"(9, 60)",1,0,1,1
"(10, 60)",0,1,1,1
"(11, 60)",0,0,1,1
"(12, 60)",1,0,1,1
"(13, 60)",0,1,1,0
"(14, 60)",1,1,0,0
"(15, 60)",0,1,0,1
"(16, 60)",1,0,1,0
"(17, 60)",1,0,0,1
"(18, 60)",0,1,1,1
"(19, 60)",1,1,1,1
"(20, 60)",1,0,1,1
"(21, 60)",1,0,1,1
"(22, 60)",0,0,1,1
"(23, 60)",1,1,1,1
"(24, 60)",1,1,1,0
"(25, 60)",1,1,0,1
"(26, 60)",1,0,1,1
"(27, 60)",0,1,1,1
"(28, 60)",1,1,1,1
"(29, 60)",1,1,1,1
"(30, 60)",1,1,1,1
"(31, 60)",1,0,1,1
"(32, 60)",1,1,1,0
"(33, 60)",1,0,0,1
"(34, 60)",1,1,1,0
"(35, 60)",1,1,0,1
"(36, 60)",1,0,1,1
"(37, 60)",0,1,1,1
"(38, 60)",0,0,1,1
"(39, 60)",1,1,1,1
"(40, 60)",1,1,1,1
"(41, 60)",0,0,1,1
"(42, 60)",1,1,1,0
"(43, 60)",1,0,0,1
"(44, 60)",1,1,1,0
"(45, 60)",1,1,0,1
"(46, 60)",1,0,1,1
"(47, 60)",0,1,1,1
"(48, 60)",1,1,1,1
"(49, 60)",0,0,1,0
"(50, 60)",1,1,0,0
"(1, 61)",1,1,0,1
"(2, 61)",0,1,1,1
"(3, 61)",1,0,1,1
"(4, 61)",0,1,1,0
"(5, 61)",1,0,0,1
"(6, 61)",0,1,1,1
"(7, 61)",1,0,1,0
"(8, 61)",1,0,0,1
"(9, 61)",0,1,1,1
"(10, 61)",1,0,1,0
"(11, 61)",1,0,0,1
"(12, 61)",1,1,1,1
"(13, 61)",1,0,1,1
"(14, 61)",0,1,1,1
"(15, 61)",1,0,1,1
"(16, 61)",0,1,1,1
"(17, 61)",1,1,1,1
"(18, 61)",1,0,1,1
"(19, 61)",0,1,1,0
"(20, 61)",1,1,0,0
"(21, 61)",1,1,0,1
"(22, 61)",0,0,1,1
"(23, 61)",1,1,1,0
"(24, 61)",1,1,0,1
"(25, 61)",1,1,1,0
"(26, 61)",1,1,0,1
"(27, 61)",0,0,1,1
"(28, 61)",1,1,1,0
"(29, 61)",1,1,0,0
"(30, 61)",1,1,0,0
"(31, 61)",1,1,0,0
"(32, 61)",0,1,0,1
"(33, 61)",1,1,1,0
"(34, 61)",0,1,0,1
"(35, 61)",1,1,1,0
"(36, 61)",0,1,0,1
"(37, 61)",1,0,1,0
"(38, 61)",0,0,0,1
"(39, 61)",1,1,1,0
"(40, 61)",1,1,0,1
"(41, 61)",1,0,1,1
"(42, 61)",0,1,1,1
"(43, 61)",1,1,1,0
"(44, 61)",0,1,0,1
"(45, 61)",1,1,1,0
"(46, 61)",1,1,0,1
"(47, 61)",1,0,1,1
"(48, 61)",0,1,1,1
"(49, 61)",0,0,1,1
"(50, 61)",1,1,1,0
"(1, 62)",1,1,0,0
"(2, 62)",1,0,0,1
"(3, 62)",1,1,1,0
"(4, 62)",1,0,0,1
"(5, 62)",1,1,1,1
"(6, 62)",0,0,1,1
"(7, 62)",1,1,1,0
"(8, 62)",0,1,0,1
"(9, 62)",1,0,1,0
"(10, 62)",0,1,0,1
"(11, 62)",0,1,1,0
"(12, 62)",1,1,0,0
"(13, 62)",1,1,0,1
"(14, 62)",0,0,1,1
"(15, 62)",1,1,1,0
"(16, 62)",1,0,0,1
"(17, 62)",1,1,1,0
"(18, 62)",1,1,0,0
"(19, 62)",1,0,0,1
"(20, 62)",0,1,1,1
"(21, 62)",1,1,1,0
"(22, 62)",1,0,0,1
"(23, 62)",0,1,1,1
"(24, 62)",1,1,1,0
"(25, 62)",1,1,0,1
"(26, 62)",0,1,1,1
"(27, 62)",1,0,1,1
"(28, 62)",0,1,1,1
"(29, 62)",1,1,1,1
"(30, 62)",0,1,1,1
"(31, 62)",0,1,1,1
"(32, 62)",1,0,1,1
"(33, 62)",1,1,1,1
"(34, 62)",1,0,1,1
"(35, 62)",1,1,1,1
"(36, 62)",1,0,1,1
"(37, 62)",0,1,1,1
"(38, 62)",0,0,1,1
"(39, 62)",1,1,1,1
"(40, 62)",1,1,1,0
"(41, 62)",1,1,0,1
"(42, 62)",1,0,1,0
"(43, 62)",1,1,0,1
"(44, 62)",0,0,1,1
"(45, 62)",1,1,1,1
"(46, 62)",1,1,1,0
"(47, 62)",0,1,0,1
"(48, 62)",1,0,1,1
"(49, 62)",1,0,1,1
"(50, 62)",0,1,1,0
"(1, 63)",1,1,0,1
"(2, 63)",0,1,1,0
"(3, 63)",1,1,0,1
"(4, 63)",0,1,1,0
"(5, 63)",1,1,0,1
"(6, 63)",1,0,1,1
"(7, 63)",0,1,1,0
"(8, 63)",0,0,0,1
"(9, 63)",1,1,1,1
"(10, 63)",1,0,1,0
"(11, 63)",1,0,0,1
"(12, 63)",0,1,1,1
"(13, 63)",0,1,1,1
"(14, 63)",1,0,1,1
"(15, 63)",0,1,1,1
"(16, 63)",1,1,1,0
"(17, 63)",1,1,0,1
"(18, 63)",0,1,1,1
"(19, 63)",0,1,1,1
"(20, 63)",1,0,1,1
"(21, 63)",1,1,1,1
"(22, 63)",0,1,1,1
"(23, 63)",1,0,1,0
"(24, 63)",1,1,0,1
"(25, 63)",0,1,1,1
"(26, 63)",1,0,1,1
"(27, 63)",1,1,1,1
"(28, 63)",0,0,1,1
"(29, 63)",1,1,1,1
"(30, 63)",0,0,1,1
"(31, 63)",1,0,1,1
"(32, 63)",1,1,1,0
"(33, 63)",1,1,0,0
"(34, 63)",1,1,0,0
"(35, 63)",1,1,0,0
"(36, 63)",1,1,0,1
"(37, 63)",0,0,1,1
"(38, 63)",1,0,1,0
"(39, 63)",1,1,0,0
"(40, 63)",0,1,0,1
"(41, 63)",1,1,1,0
"(42, 63)",1,1,0,1
"(43, 63)",1,1,1,1
"(44, 63)",1,0,1,0
"(45, 63)",1,1,0,0
"(46, 63)",1,1,0,1
"(47, 63)",1,0,1,1
"(48, 63)",0,1,1,0
"(49, 63)",0,1,0,1
"(50, 63)",1,0,1,0
"(1, 64)",0,1,0,1
"(2, 64)",1,0,1,1
"(3, 64)",0,1,1,1
"(4, 64)",1,0,1,1
"(5, 64)",1,1,1,0
"(6, 64)",1,1,0,1
"(7, 64)",1,0,1,1
"(8, 64)",1,0,1,0
"(9, 64)",1,1,0,0
"(10, 64)",1,1,0,1
"(11, 64)",0,1,1,1
"(12, 64)",0,0,1,1
"(13, 64)",0,0,1,1
"(14, 64)",1,1,1,1
"(15, 64)",1,0,1,1
"(16, 64)",1,1,1,0
"(17, 64)",1,1,0,1
"(18, 64)",1,0,1,1
"(19, 64)",1,0,1,1
"(20, 64)",1,1,1,0
"(21, 64)",1,1,0,0
"(22, 64)",1,0,0,1
"(23, 64)",0,1,1,1
"(24, 64)",1,1,1,0
"(25, 64)",1,0,0,1
"(26, 64)",0,1,1,0
"(27, 64)",1,1,0,1
"(28, 64)",0,0,1,1
"(29, 64)",0,1,1,0
"(30, 64)",1,0,0,0
"(31, 64)",1,1,0,0
"(32, 64)",0,1,0,0
"(33, 64)",1,1,0,1
"(34, 64)",0,1,1,1
"(35, 64)",1,1,1,0
"(36, 64)",1,1,0,0
"(37, 64)",1,0,0,1
"(38, 64)",0,1,1,1
"(39, 64)",1,1,1,0
"(40, 64)",1,0,0,1
"(41, 64)",0,1,1,0
"(42, 64)",1,1,0,0
"(43, 64)",1,1,0,0
"(44, 64)",0,1,0,1
"(45, 64)",0,1,1,1
"(46, 64)",1,1,1,0
"(47, 64)",0,1,0,1
"(48, 64)",1,0,1,1
"(49, 64)",0,0,1,1
"(50, 64)",1,1,1,0
"(1, 65)",1,0,0,1
"(2, 65)",1,1,1,1
"(3, 65)",0,0,1,1
"(4, 65)",1,1,1,0
"(5, 65)",1,1,0,1
"(6, 65)",1,1,1,0
"(7, 65)",0,1,0,0
"(8, 65)",1,1,0,1
"(9, 65)",0,1,1,1
"(10, 65)",1,1,1,1
"(11, 65)",1,0,1,1
"(12, 65)",0,0,1,1
"(13, 65)",1,0,1,1
"(14, 65)",1,1,1,0
"(15, 65)",1,1,0,0
"(16, 65)",0,1,0,1
"(17, 65)",1,1,1,0
"(18, 65)",1,1,0,0
"(19, 65)",1,1,0,0
"(20, 65)",1,1,0,0
"(21, 65)",1,1,0,1
"(22, 65)",1,1,1,1
"(23, 65)",0,0,1,1
"(24, 65)",1,1,1,1
"(25, 65)",0,1,1,1
"(26, 65)",1,0,1,1
"(27, 65)",1,1,1,1
"(28, 65)",0,0,1,1
"(29, 65)",1,0,1,0
"(30, 65)",1,1,0,0
"(31, 65)",1,1,0,0
"(32, 65)",1,0,0,1
"(33, 65)",0,1,1,1
"(34, 65)",1,0,1,1
"(35, 65)",0,1,1,1
"(36, 65)",1,1,1,1
"(37, 65)",1,1,1,0
"(38, 65)",1,0,0,1
"(39, 65)",0,1,1,1
"(40, 65)",0,1,1,1
"(41, 65)",1,0,1,0
"(42, 65)",1,1,0,1
"(43, 65)",0,1,1,1
"(44, 65)",1,0,1,1
"(45, 65)",1,0,1,1
"(46, 65)",0,1,1,1
"(47, 65)",1,0,1,0
"(48, 65)",1,1,0,1
"(49, 65)",1,0,1,1
"(50, 65)",1,1,1,0
"(1, 66)",1,1,0,0
"(2, 66)",1,1,0,1
"(3, 66)",0,0,1,1
"(4, 66)",1,1,1,1
"(5, 66)",0,1,1,0
"(6, 66)",1,1,0,1
"(7, 66)",1,0,1,1
"(8, 66)",0,1,1,1
"(9, 66)",1,0,1,0
"(10, 66)",1,1,0,0
"(11, 66)",1,1,0,1
"(12, 66)",0,0,1,1
"(13, 66)",0,1,1,0
"(14, 66)",0,1,0,1
"(15, 66)",0,1,1,1
"(16, 66)",1,0,1,1
"(17, 66)",0,1,1,1
"(18, 66)",1,1,1,0
"(19, 66)",1,1,0,1
"(20, 66)",0,1,1,1
"(21, 66)",1,1,1,0
"(22, 66)",1,1,0,1
"(23, 66)",1,0,1,0
"(24, 66)",1,1,0,0
"(25, 66)",1,0,0,1
"(26, 66)",1,1,1,0
"(27, 66)",0,1,0,1
"(28, 66)",0,0,1,1
"(29, 66)",1,1,1,1
"(30, 66)",1,1,1,1
"(31, 66)",0,1,1,1
"(32, 66)",1,1,1,0
"(33, 66)",1,0,0,1
"(34, 66)",1,1,1,1
"(35, 66)",0,0,1,1
"(36, 66)",0,1,1,0
"(37, 66)",1,1,0,0
"(38, 66)",1,1,0,0
"(39, 66)",1,0,0,1
"(40, 66)",1,0,1,0
"(41, 66)",1,1,0,1
"(42, 66)",1,1,1,1
"(43, 66)",0,0,1,1
"(44, 66)",1,1,1,0
"(45, 66)",1,1,0,1
"(46, 66)",1,0,1,0
"(47, 66)",1,1,0,1
"(48, 66)",0,1,1,0
"(49, 66)",1,1,0,0
"(50, 66)",1,1,0,0
"(1, 67)",1,1,0,1
"(2, 67)",0,1,1,1
"(3, 67)",1,0,1,1
"(4, 67)",0,1,1,1
"(5, 67)",1,0,1,1
"(6, 67)",1,1,1,0
"(7, 67)",1,1,0,1
"(8, 67)",0,0,1,1
"(9, 67)",1,1,1,0
"(10, 67)",1,1,0,1
"(11, 67)",1,1,1,0
"(12, 67)",1,0,0,1
"(13, 67)",1,0,1,0
"(14, 67)",1,0,0,1
"(15, 67)",0,0,1,1
"(16, 67)",1,1,1,1
"(17, 67)",1,0,1,1
"(18, 67)",1,1,1,1
"(19, 67)",0,1,1,1
"(20, 67)",1,0,1,0
"(21, 67)",1,1,0,1
"(22, 67)",1,1,1,0
"(23, 67)",1,1,0,0
"(24, 67)",1,1,0,1
"(25, 67)",0,1,1,0
"(26, 67)",1,1,0,1
"(27, 67)",0,0,1,1
"(28, 67)",0,0,1,1
"(29, 67)",0,1,1,0
"(30, 67)",1,1,0,1
"(31, 67)",0,0,1,1
"(32, 67)",1,1,1,0
"(33, 67)",1,1,0,0
"(34, 67)",1,1,0,1
"(35, 67)",0,0,1,1
"(36, 67)",1,0,1,0
"(37, 67)",1,1,0,0
"(38, 67)",1,1,0,1
"(39, 67)",0,1,1,0
"(40, 67)",0,1,0,1
"(41, 67)",1,1,1,0
"(42, 67)",0,1,0,1
"(43, 67)",1,0,1,0
"(44, 67)",1,1,0,1
"(45, 67)",1,1,1,0
"(46, 67)",0,1,0,1
"(47, 67)",0,1,1,1
"(48, 67)",1,0,1,1
"(49, 67)",1,1,1,0
"(50, 67)",1,1,0,0
"(1, 68)",1,1,0,1
"(2, 68)",0,0,1,1
"(3, 68)",0,1,1,1
"(4, 68)",1,0,1,0
"(5, 68)",1,1,0,0
"(6, 68)",1,1,0,1
"(7, 68)",0,1,1,0
"(8, 68)",1,0,0,1
"(9, 68)",1,1,1,1
"(10, 68)",1,1,1,0
"(11, 68)",0,1,0,1
"(12, 68)",1,1,1,0
"(13, 68)",1,1,0,1
"(14, 68)",0,1,1,0
"(15, 68)",1,0,0,1
"(16, 68)",0,1,1,0
"(17, 68)",1,1,0,0
"(18, 68)",0,1,0,1
"(19, 68)",1,0,1,1
"(20, 68)",0,1,1,0
"(21, 68)",1,1,0,0
"(22, 68)",1,1,0,0
"(23, 68)",0,1,0,1
"(24, 68)",1,1,1,1
"(25, 68)",1,0,1,1
"(26, 68)",0,1,1,1
"(27, 68)",1,0,1,1
"(28, 68)",1,0,1,1
"(29, 68)",1,0,1,1
"(30, 68)",0,1,1,1
"(31, 68)",1,0,1,1
"(32, 68)",0,1,1,1
"(33, 68)",1,1,1,1
"(34, 68)",1,1,1,1
"(35, 68)",0,0,1,1
"(36, 68)",1,1,1,1
"(37, 68)",0,1,1,1
"(38, 68)",1,1,1,0
"(39, 68)",1,0,0,1
"(40, 68)",0,0,1,1
"(41, 68)",1,1,1,1
"(42, 68)",1,0,1,1
"(43, 68)",0,1,1,1
"(44, 68)",1,1,1,0
"(45, 68)",1,1,0,1
"(46, 68)",0,0,1,1
"(47, 68)",1,0,1,1
"(48, 68)",0,1,1,0
"(49, 68)",1,1,0,0
"(50, 68)",1,1,0,0
"(1, 69)",1,1,0,0
"(2, 69)",0,0,0,1
"(3, 69)",1,0,1,1
"(4, 69)",0,1,1,1
"(5, 69)",1,1,1,0
"(6, 69)",1,1,0,1
"(7, 69)",0,0,1,1
"(8, 69)",1,1,1,0
"(9, 69)",1,1,0,0
"(10, 69)",1,1,0,0
"(11, 69)",1,0,0,1
"(12, 69)",1,1,1,0
"(13, 69)",1,1,0,1
"(14, 69)",1,0,1,0
"(15, 69)",1,1,0,1
"(16, 69)",1,0,1,1
"(17, 69)",0,1,1,1
"(18, 69)",1,0,1,1
"(19, 69)",0,1,1,1
"(20, 69)",0,0,1,1
"(21, 69)",1,1,1,1
"(22, 69)",0,1,1,1
"(23, 69)",1,0,1,1
"(24, 69)",0,1,1,0
"(25, 69)",1,1,0,1
"(26, 69)",0,0,1,1
"(27, 69)",1,1,1,0
"(28, 69)",1,1,0,0
"(29, 69)",1,1,0,1
"(30, 69)",0,0,1,1
"(31, 69)",0,1,1,1
"(32, 69)",1,0,1,1
"(33, 69)",1,1,1,0
"(34, 69)",0,1,0,1
"(35, 69)",1,0,1,1
"(36, 69)",0,1,1,1
"(37, 69)",1,0,1,0
"(38, 69)",1,1,0,1
"(39, 69)",0,1,1,1
"(40, 69)",1,0,1,1
"(41, 69)",1,1,1,0
"(42, 69)",1,1,0,1
"(43, 69)",0,0,1,1
"(44, 69)",1,1,1,1
"(45, 69)",0,1,1,1
"(46, 69)",0,0,1,1
"(47, 69)",1,1,1,0
"(48, 69)",1,0,0,0
"(49, 69)",1,1,0,1
"(50, 69)",0,1,1,0
"(1, 70)",0,1,0,1
"(2, 70)",0,0,1,1
"(3, 70)",0,1,1,1
"(4, 70)",0,0,1,1
"(5, 70)",0,1,1,1
"(6, 70)",0,1,1,1
"(7, 70)",0,0,1,1
"(8, 70)",0,1,1,1
"(9, 70)",0,1,1,1
"(10, 70)",0,1,1,1
"(11, 70)",0,1,1,0
"(12, 70)",0,1,0,1
"(13, 70)",0,1,1,0
"(14, 70)",0,1,0,1
"(15, 70)",0,1,1,0
"(16, 70)",0,1,0,1
"(17, 70)",0,0,1,1
"(18, 70)",0,1,1,1
"(19, 70)",0,0,1,1
"(20, 70)",0,0,1,1
"(21, 70)",0,1,1,1
"(22, 70)",0,0,1,1
"(23, 70)",0,1,1,1
"(24, 70)",0,0,1,1
"(25, 70)",0,1,1,0
"(26, 70)",0,0,0,1
"(27, 70)",0,1,1,1
"(28, 70)",0,1,1,1
"(29, 70)",0,1,1,1
"(30, 70)",0,0,1,1
"(31, 70)",0,0,1,1
"(32, 70)",0,1,1,0
"(33, 70)",0,1,0,1
"(34, 70)",0,0,1,1
"(35, 70)",0,1,1,1
"(36, 70)",0,0,1,1
"(37, 70)",0,1,1,1
"(38, 70)",0,1,1,1
"(39, 70)",0,0,1,1
"(40, 70)",0,1,1,0
"(41, 70)",0,1,0,1
"(42, 70)",0,1,1,1
"(43, 70)",0,0,1,1
"(44, 70)",0,1,1,1
"(45, 70)",0,0,1,1
"(46, 70)",0,0,1,1
"(47, 70)",0,1,1,0
"(48, 70)",0,1,0,1
"(49, 70)",0,1,1,1
"(50, 70)",0,0,1,0